"ab","cd","ef","gh","ij"
"1","2","3","4","fuga5"
"1","2hoge","3","4","5"
"1","2hoge","32hoge","4","5"
"1","2hoge","3","這い寄れニャル子さん","5"
"室見立華","2hoge","3","4","5"
"ab","cd","ef","gh","ij"
"1","2","3","4","fuga5"
"1","2hoge","3","4","5"
"1","2hoge","32hoge","4","5"
"1","2hoge","3","這い寄れニャル子さん","5"
"室見立華","2hoge","3","4","5"
"ab","cd","ef","gh","ij"
"1","2","3","4","fuga5"
"1","2hoge","3","4","5"
"1","2hoge","32hoge","4","5"
"1","2hoge","3","這い寄れニャル子さん","5"
"室見立華","2hoge","3","4","5"
"ab","cd","ef","gh","ij"
"1","2","3","4","fuga5"
"1","2hoge","3","4","5"
"1","2hoge","32hoge","4","5"
"1","2hoge","3","這い寄れニャル子さん","5"
"室見立華","2hoge","3","4","5"
"ab","cd","ef","gh","ij"
"1","2","3","4","fuga5"
"1","2hoge","3","4","5"
"1","2hoge","32hoge","4","5"
"1","2hoge","3","這い寄れニャル子さん","5"
"室見立華","2hoge","3","4","5"
"ab","cd","ef","gh","ij"
"1","2","3","4","fuga5"
"1","2hoge","3","4","5"
"1","2hoge","32hoge","4","5"
"1","2hoge","3","這い寄れニャル子さん","5"
"室見立華","2hoge","3","4","5"
"ab","cd","ef","gh","ij"
"1","2","3","4","fuga5"
"1","2hoge","3","4","5"
"1","2hoge","32hoge","4","5"
"1","2hoge","3","這い寄れニャル子さん","5"
"室見立華","2hoge","3","4","5"
"ab","cd","ef","gh","ij"
"1","2","3","4","fuga5"
"1","2hoge","3","4","5"
"1","2hoge","32hoge","4","5"
"1","2hoge","3","這い寄れニャル子さん","5"
"室見立華","2hoge","3","4","5"
"ab","cd","ef","gh","ij"
"1","2","3","4","fuga5"
"1","2hoge","3","4","5"
"1","2hoge","32hoge","4","5"
"1","2hoge","3","這い寄れニャル子さん","5"
"室見立華","2hoge","3","4","5"
"ab","cd","ef","gh","ij"
"1","2","3","4","fuga5"
"1","2hoge","3","4","5"
"1","2hoge","32hoge","4","5"
"1","2hoge","3","這い寄れニャル子さん","5"
"室見立華","2hoge","3","4","5"
"ab","cd","ef","gh","ij"
"1","2","3","4","fuga5"
"1","2hoge","3","4","5"
"1","2hoge","32hoge","4","5"
"1","2hoge","3","這い寄れニャル子さん","5"
"室見立華","2hoge","3","4","5"
"ab","cd","ef","gh","ij"
"1","2","3","4","fuga5"
"1","2hoge","3","4","5"
"1","2hoge","32hoge","4","5"
"1","2hoge","3","這い寄れニャル子さん","5"
"室見立華","2hoge","3","4","5"
