"1","ab","cd","ef","gh","ij"
"2","1","2","3","4","fuga5"
"3","1","2hoge","3","4","5"
"4","1","2hoge","32hoge","4","5"
"5","1","2hoge","3","這い寄れニャル子さん","5"
"6","室見立華","2hoge","3","4","5"
"7","ab","cd","ef","gh","ij"
"8","1","2","3","4","fuga5"
"9","1","2hoge","3","4","5"
"10","1","2hoge","32hoge","4","5"
"11","1","2hoge","3","這い寄れニャル子さん","5"
"12","室見立華","2hoge","3","4","5"
"13","ab","cd","ef","gh","ij"
"14","1","2","3","4","fuga5"
"15","1","2hoge","3","4","5"
"16","1","2hoge","32hoge","4","5"
"17","1","2hoge","3","這い寄れニャル子さん","5"
"18","室見立華","2hoge","3","4","5"
"19","ab","cd","ef","gh","ij"
"20","1","2","3","4","fuga5"
"21","1","2hoge","3","4","5"
"22","1","2hoge","32hoge","4","5"
"23","1","2hoge","3","這い寄れニャル子さん","5"
"24","室見立華","2hoge","3","4","5"
"25","ab","cd","ef","gh","ij"
"26","1","2","3","4","fuga5"
"27","1","2hoge","3","4","5"
"28","1","2hoge","32hoge","4","5"
"29","1","2hoge","3","這い寄れニャル子さん","5"
"30","室見立華","2hoge","3","4","5"
"31","ab","cd","ef","gh","ij"
"32","1","2","3","4","fuga5"
"33","1","2hoge","3","4","5"
"34","1","2hoge","32hoge","4","5"
"35","1","2hoge","3","這い寄れニャル子さん","5"
"36","室見立華","2hoge","3","4","5"
"37","ab","cd","ef","gh","ij"
"38","1","2","3","4","fuga5"
"39","1","2hoge","3","4","5"
"40","1","2hoge","32hoge","4","5"
"41","1","2hoge","3","這い寄れニャル子さん","5"
"42","室見立華","2hoge","3","4","5"
"43","ab","cd","ef","gh","ij"
"44","1","2","3","4","fuga5"
"45","1","2hoge","3","4","5"
"46","1","2hoge","32hoge","4","5"
"47","1","2hoge","3","這い寄れニャル子さん","5"
"48","室見立華","2hoge","3","4","5"
"49","ab","cd","ef","gh","ij"
"50","1","2","3","4","fuga5"
"51","1","2hoge","3","4","5"
"52","1","2hoge","32hoge","4","5"
"53","1","2hoge","3","這い寄れニャル子さん","5"
"54","室見立華","2hoge","3","4","5"
"55","ab","cd","ef","gh","ij"
"56","1","2","3","4","fuga5"
"57","1","2hoge","3","4","5"
"58","1","2hoge","32hoge","4","5"
"59","1","2hoge","3","這い寄れニャル子さん","5"
"60","室見立華","2hoge","3","4","5"
"61","ab","cd","ef","gh","ij"
"62","1","2","3","4","fuga5"
"63","1","2hoge","3","4","5"
"64","1","2hoge","32hoge","4","5"
"65","1","2hoge","3","這い寄れニャル子さん","5"
"66","室見立華","2hoge","3","4","5"
"67","ab","cd","ef","gh","ij"
"68","1","2","3","4","fuga5"
"69","1","2hoge","3","4","5"
"70","1","2hoge","32hoge","4","5"
"71","1","2hoge","3","這い寄れニャル子さん","5"
"72","室見立華","2hoge","3","4","5"
"73","ab","cd","ef","gh","ij"
"74","1","2","3","4","fuga5"
"75","1","2hoge","3","4","5"
"76","1","2hoge","32hoge","4","5"
"77","1","2hoge","3","這い寄れニャル子さん","5"
"78","室見立華","2hoge","3","4","5"
"79","ab","cd","ef","gh","ij"
"80","1","2","3","4","fuga5"
"81","1","2hoge","3","4","5"
"82","1","2hoge","32hoge","4","5"
"83","1","2hoge","3","這い寄れニャル子さん","5"
"84","室見立華","2hoge","3","4","5"
"85","ab","cd","ef","gh","ij"
"86","1","2","3","4","fuga5"
"87","1","2hoge","3","4","5"
"88","1","2hoge","32hoge","4","5"
"89","1","2hoge","3","這い寄れニャル子さん","5"
"90","室見立華","2hoge","3","4","5"
"91","ab","cd","ef","gh","ij"
"92","1","2","3","4","fuga5"
"93","1","2hoge","3","4","5"
"94","1","2hoge","32hoge","4","5"
"95","1","2hoge","3","這い寄れニャル子さん","5"
"96","室見立華","2hoge","3","4","5"
"97","ab","cd","ef","gh","ij"
"98","1","2","3","4","fuga5"
"99","1","2hoge","3","4","5"
"100","1","2hoge","32hoge","4","5"
"101","1","2hoge","3","這い寄れニャル子さん","5"
"102","室見立華","2hoge","3","4","5"
"103","ab","cd","ef","gh","ij"
"104","1","2","3","4","fuga5"
"105","1","2hoge","3","4","5"
"106","1","2hoge","32hoge","4","5"
"107","1","2hoge","3","這い寄れニャル子さん","5"
"108","室見立華","2hoge","3","4","5"
"109","ab","cd","ef","gh","ij"
"110","1","2","3","4","fuga5"
"111","1","2hoge","3","4","5"
"112","1","2hoge","32hoge","4","5"
"113","1","2hoge","3","這い寄れニャル子さん","5"
"114","室見立華","2hoge","3","4","5"
"115","ab","cd","ef","gh","ij"
"116","1","2","3","4","fuga5"
"117","1","2hoge","3","4","5"
"118","1","2hoge","32hoge","4","5"
"119","1","2hoge","3","這い寄れニャル子さん","5"
"120","室見立華","2hoge","3","4","5"
"121","ab","cd","ef","gh","ij"
"122","1","2","3","4","fuga5"
"123","1","2hoge","3","4","5"
"124","1","2hoge","32hoge","4","5"
"125","1","2hoge","3","這い寄れニャル子さん","5"
"126","室見立華","2hoge","3","4","5"
"127","ab","cd","ef","gh","ij"
"128","1","2","3","4","fuga5"
"129","1","2hoge","3","4","5"
"130","1","2hoge","32hoge","4","5"
"131","1","2hoge","3","這い寄れニャル子さん","5"
"132","室見立華","2hoge","3","4","5"
"133","ab","cd","ef","gh","ij"
"134","1","2","3","4","fuga5"
"135","1","2hoge","3","4","5"
"136","1","2hoge","32hoge","4","5"
"137","1","2hoge","3","這い寄れニャル子さん","5"
"138","室見立華","2hoge","3","4","5"
"139","ab","cd","ef","gh","ij"
"140","1","2","3","4","fuga5"
"141","1","2hoge","3","4","5"
"142","1","2hoge","32hoge","4","5"
"143","1","2hoge","3","這い寄れニャル子さん","5"
"144","室見立華","2hoge","3","4","5"
"145","ab","cd","ef","gh","ij"
"146","1","2","3","4","fuga5"
"147","1","2hoge","3","4","5"
"148","1","2hoge","32hoge","4","5"
"149","1","2hoge","3","這い寄れニャル子さん","5"
"150","室見立華","2hoge","3","4","5"
"151","ab","cd","ef","gh","ij"
"152","1","2","3","4","fuga5"
"153","1","2hoge","3","4","5"
"154","1","2hoge","32hoge","4","5"
"155","1","2hoge","3","這い寄れニャル子さん","5"
"156","室見立華","2hoge","3","4","5"
"157","ab","cd","ef","gh","ij"
"158","1","2","3","4","fuga5"
"159","1","2hoge","3","4","5"
"160","1","2hoge","32hoge","4","5"
"161","1","2hoge","3","這い寄れニャル子さん","5"
"162","室見立華","2hoge","3","4","5"
"163","ab","cd","ef","gh","ij"
"164","1","2","3","4","fuga5"
"165","1","2hoge","3","4","5"
"166","1","2hoge","32hoge","4","5"
"167","1","2hoge","3","這い寄れニャル子さん","5"
"168","室見立華","2hoge","3","4","5"
"169","ab","cd","ef","gh","ij"
"170","1","2","3","4","fuga5"
"171","1","2hoge","3","4","5"
"172","1","2hoge","32hoge","4","5"
"173","1","2hoge","3","這い寄れニャル子さん","5"
"174","室見立華","2hoge","3","4","5"
"175","ab","cd","ef","gh","ij"
"176","1","2","3","4","fuga5"
"177","1","2hoge","3","4","5"
"178","1","2hoge","32hoge","4","5"
"179","1","2hoge","3","這い寄れニャル子さん","5"
"180","室見立華","2hoge","3","4","5"
"181","ab","cd","ef","gh","ij"
"182","1","2","3","4","fuga5"
"183","1","2hoge","3","4","5"
"184","1","2hoge","32hoge","4","5"
"185","1","2hoge","3","這い寄れニャル子さん","5"
"186","室見立華","2hoge","3","4","5"
"187","ab","cd","ef","gh","ij"
"188","1","2","3","4","fuga5"
"189","1","2hoge","3","4","5"
"190","1","2hoge","32hoge","4","5"
"191","1","2hoge","3","這い寄れニャル子さん","5"
"192","室見立華","2hoge","3","4","5"
"193","ab","cd","ef","gh","ij"
"194","1","2","3","4","fuga5"
"195","1","2hoge","3","4","5"
"196","1","2hoge","32hoge","4","5"
"197","1","2hoge","3","這い寄れニャル子さん","5"
"198","室見立華","2hoge","3","4","5"
"199","ab","cd","ef","gh","ij"
"200","1","2","3","4","fuga5"
"201","1","2hoge","3","4","5"
"202","1","2hoge","32hoge","4","5"
"203","1","2hoge","3","這い寄れニャル子さん","5"
"204","室見立華","2hoge","3","4","5"
"205","ab","cd","ef","gh","ij"
"206","1","2","3","4","fuga5"
"207","1","2hoge","3","4","5"
"208","1","2hoge","32hoge","4","5"
"209","1","2hoge","3","這い寄れニャル子さん","5"
"210","室見立華","2hoge","3","4","5"
"211","ab","cd","ef","gh","ij"
"212","1","2","3","4","fuga5"
"213","1","2hoge","3","4","5"
"214","1","2hoge","32hoge","4","5"
"215","1","2hoge","3","這い寄れニャル子さん","5"
"216","室見立華","2hoge","3","4","5"
"217","室見立華","2hoge","3","4","5"
"218","室見立華","2hoge","3","4","5"
"219","室見立華","2hoge","3","4","5"
"220","室見立華","2hoge","3","4","5"
"221","室見立華","2hoge","3","4","5"
"222","室見立華","2hoge","3","4","5"
"223","室見立華","2hoge","3","4","5"
"224","室見立華","2hoge","3","4","5"
"225","室見立華","2hoge","3","4","5"
"226","室見立華","2hoge","3","4","5"
"227","室見立華","2hoge","3","4","5"
"228","室見立華","2hoge","3","4","5"
"229","室見立華","2hoge","3","4","5"
"230","室見立華","2hoge","3","4","5"
"231","室見立華","2hoge","3","4","5"
"232","室見立華","2hoge","3","4","5"
"233","室見立華","2hoge","3","4","5"
"234","室見立華","2hoge","3","4","5"
"235","室見立華","2hoge","3","4","5"
"236","室見立華","2hoge","3","4","5"
"237","室見立華","2hoge","3","4","5"
"238","室見立華","2hoge","3","4","5"
"239","室見立華","2hoge","3","4","5"
"240","室見立華","2hoge","3","4","5"
"241","室見立華","2hoge","3","4","5"
"242","室見立華","2hoge","3","4","5"
"243","室見立華","2hoge","3","4","5"
"244","室見立華","2hoge","3","4","5"
"245","室見立華","2hoge","3","4","5"
"246","室見立華","2hoge","3","4","5"
"247","室見立華","2hoge","3","4","5"
"248","室見立華","2hoge","3","4","5"
"249","室見立華","2hoge","3","4","5"
"250","室見立華","2hoge","3","4","5"
"251","室見立華","2hoge","3","4","5"
"252","室見立華","2hoge","3","4","5"
"253","室見立華","2hoge","3","4","5"
"254","室見立華","2hoge","3","4","5"
"255","室見立華","2hoge","3","4","5"
"256","室見立華","2hoge","3","4","5"
"257","室見立華","2hoge","3","4","5"
"258","室見立華","2hoge","3","4","5"
"259","室見立華","2hoge","3","4","5"
"260","室見立華","2hoge","3","4","5"
"261","室見立華","2hoge","3","4","5"
"262","室見立華","2hoge","3","4","5"
"263","室見立華","2hoge","3","4","5"
"264","室見立華","2hoge","3","4","5"
"265","室見立華","2hoge","3","4","5"
"266","室見立華","2hoge","3","4","5"
"267","室見立華","2hoge","3","4","5"
"268","室見立華","2hoge","3","4","5"
"269","室見立華","2hoge","3","4","5"
"270","室見立華","2hoge","3","4","5"
"271","室見立華","2hoge","3","4","5"
"272","室見立華","2hoge","3","4","5"
"273","室見立華","2hoge","3","4","5"
"274","室見立華","2hoge","3","4","5"
"275","室見立華","2hoge","3","4","5"
"276","室見立華","2hoge","3","4","5"
"277","室見立華","2hoge","3","4","5"
"278","室見立華","2hoge","3","4","5"
"279","室見立華","2hoge","3","4","5"
"280","室見立華","2hoge","3","4","5"
"281","室見立華","2hoge","3","4","5"
"282","室見立華","2hoge","3","4","5"
"283","室見立華","2hoge","3","4","5"
"284","室見立華","2hoge","3","4","5"
"1","ab","cd","ef","gh","ij"
"2","1","2","3","4","fuga5"
"3","1","2hoge","3","4","5"
"4","1","2hoge","32hoge","4","5"
"5","1","2hoge","3","這い寄れニャル子さん","5"
"6","室見立華","2hoge","3","4","5"
"7","ab","cd","ef","gh","ij"
"8","1","2","3","4","fuga5"
"9","1","2hoge","3","4","5"
"10","1","2hoge","32hoge","4","5"
"11","1","2hoge","3","這い寄れニャル子さん","5"
"12","室見立華","2hoge","3","4","5"
"13","ab","cd","ef","gh","ij"
"14","1","2","3","4","fuga5"
"15","1","2hoge","3","4","5"
"16","1","2hoge","32hoge","4","5"
"17","1","2hoge","3","這い寄れニャル子さん","5"
"18","室見立華","2hoge","3","4","5"
"19","ab","cd","ef","gh","ij"
"20","1","2","3","4","fuga5"
"21","1","2hoge","3","4","5"
"22","1","2hoge","32hoge","4","5"
"23","1","2hoge","3","這い寄れニャル子さん","5"
"24","室見立華","2hoge","3","4","5"
"25","ab","cd","ef","gh","ij"
"26","1","2","3","4","fuga5"
"27","1","2hoge","3","4","5"
"28","1","2hoge","32hoge","4","5"
"29","1","2hoge","3","這い寄れニャル子さん","5"
"30","室見立華","2hoge","3","4","5"
"31","ab","cd","ef","gh","ij"
"32","1","2","3","4","fuga5"
"33","1","2hoge","3","4","5"
"34","1","2hoge","32hoge","4","5"
"35","1","2hoge","3","這い寄れニャル子さん","5"
"36","室見立華","2hoge","3","4","5"
"37","ab","cd","ef","gh","ij"
"38","1","2","3","4","fuga5"
"39","1","2hoge","3","4","5"
"40","1","2hoge","32hoge","4","5"
"41","1","2hoge","3","這い寄れニャル子さん","5"
"42","室見立華","2hoge","3","4","5"
"43","ab","cd","ef","gh","ij"
"44","1","2","3","4","fuga5"
"45","1","2hoge","3","4","5"
"46","1","2hoge","32hoge","4","5"
"47","1","2hoge","3","這い寄れニャル子さん","5"
"48","室見立華","2hoge","3","4","5"
"49","ab","cd","ef","gh","ij"
"50","1","2","3","4","fuga5"
"51","1","2hoge","3","4","5"
"52","1","2hoge","32hoge","4","5"
"53","1","2hoge","3","這い寄れニャル子さん","5"
"54","室見立華","2hoge","3","4","5"
"55","ab","cd","ef","gh","ij"
"56","1","2","3","4","fuga5"
"57","1","2hoge","3","4","5"
"58","1","2hoge","32hoge","4","5"
"59","1","2hoge","3","這い寄れニャル子さん","5"
"60","室見立華","2hoge","3","4","5"
"61","ab","cd","ef","gh","ij"
"62","1","2","3","4","fuga5"
"63","1","2hoge","3","4","5"
"64","1","2hoge","32hoge","4","5"
"65","1","2hoge","3","這い寄れニャル子さん","5"
"66","室見立華","2hoge","3","4","5"
"67","ab","cd","ef","gh","ij"
"68","1","2","3","4","fuga5"
"69","1","2hoge","3","4","5"
"70","1","2hoge","32hoge","4","5"
"71","1","2hoge","3","這い寄れニャル子さん","5"
"72","室見立華","2hoge","3","4","5"
"73","ab","cd","ef","gh","ij"
"74","1","2","3","4","fuga5"
"75","1","2hoge","3","4","5"
"76","1","2hoge","32hoge","4","5"
"77","1","2hoge","3","這い寄れニャル子さん","5"
"78","室見立華","2hoge","3","4","5"
"79","ab","cd","ef","gh","ij"
"80","1","2","3","4","fuga5"
"81","1","2hoge","3","4","5"
"82","1","2hoge","32hoge","4","5"
"83","1","2hoge","3","這い寄れニャル子さん","5"
"84","室見立華","2hoge","3","4","5"
"85","ab","cd","ef","gh","ij"
"86","1","2","3","4","fuga5"
"87","1","2hoge","3","4","5"
"88","1","2hoge","32hoge","4","5"
"89","1","2hoge","3","這い寄れニャル子さん","5"
"90","室見立華","2hoge","3","4","5"
"91","ab","cd","ef","gh","ij"
"92","1","2","3","4","fuga5"
"93","1","2hoge","3","4","5"
"94","1","2hoge","32hoge","4","5"
"95","1","2hoge","3","這い寄れニャル子さん","5"
"96","室見立華","2hoge","3","4","5"
"97","ab","cd","ef","gh","ij"
"98","1","2","3","4","fuga5"
"99","1","2hoge","3","4","5"
"100","1","2hoge","32hoge","4","5"
"101","1","2hoge","3","這い寄れニャル子さん","5"
"102","室見立華","2hoge","3","4","5"
"103","ab","cd","ef","gh","ij"
"104","1","2","3","4","fuga5"
"105","1","2hoge","3","4","5"
"106","1","2hoge","32hoge","4","5"
"107","1","2hoge","3","這い寄れニャル子さん","5"
"108","室見立華","2hoge","3","4","5"
"109","ab","cd","ef","gh","ij"
"110","1","2","3","4","fuga5"
"111","1","2hoge","3","4","5"
"112","1","2hoge","32hoge","4","5"
"113","1","2hoge","3","這い寄れニャル子さん","5"
"114","室見立華","2hoge","3","4","5"
"115","ab","cd","ef","gh","ij"
"116","1","2","3","4","fuga5"
"117","1","2hoge","3","4","5"
"118","1","2hoge","32hoge","4","5"
"119","1","2hoge","3","這い寄れニャル子さん","5"
"120","室見立華","2hoge","3","4","5"
"121","ab","cd","ef","gh","ij"
"122","1","2","3","4","fuga5"
"123","1","2hoge","3","4","5"
"124","1","2hoge","32hoge","4","5"
"125","1","2hoge","3","這い寄れニャル子さん","5"
"126","室見立華","2hoge","3","4","5"
"127","ab","cd","ef","gh","ij"
"128","1","2","3","4","fuga5"
"129","1","2hoge","3","4","5"
"130","1","2hoge","32hoge","4","5"
"131","1","2hoge","3","這い寄れニャル子さん","5"
"132","室見立華","2hoge","3","4","5"
"133","ab","cd","ef","gh","ij"
"134","1","2","3","4","fuga5"
"135","1","2hoge","3","4","5"
"136","1","2hoge","32hoge","4","5"
"137","1","2hoge","3","這い寄れニャル子さん","5"
"138","室見立華","2hoge","3","4","5"
"139","ab","cd","ef","gh","ij"
"140","1","2","3","4","fuga5"
"141","1","2hoge","3","4","5"
"142","1","2hoge","32hoge","4","5"
"143","1","2hoge","3","這い寄れニャル子さん","5"
"144","室見立華","2hoge","3","4","5"
"145","ab","cd","ef","gh","ij"
"146","1","2","3","4","fuga5"
"147","1","2hoge","3","4","5"
"148","1","2hoge","32hoge","4","5"
"149","1","2hoge","3","這い寄れニャル子さん","5"
"150","室見立華","2hoge","3","4","5"
"151","ab","cd","ef","gh","ij"
"152","1","2","3","4","fuga5"
"153","1","2hoge","3","4","5"
"154","1","2hoge","32hoge","4","5"
"155","1","2hoge","3","這い寄れニャル子さん","5"
"156","室見立華","2hoge","3","4","5"
"157","ab","cd","ef","gh","ij"
"158","1","2","3","4","fuga5"
"159","1","2hoge","3","4","5"
"160","1","2hoge","32hoge","4","5"
"161","1","2hoge","3","這い寄れニャル子さん","5"
"162","室見立華","2hoge","3","4","5"
"163","ab","cd","ef","gh","ij"
"164","1","2","3","4","fuga5"
"165","1","2hoge","3","4","5"
"166","1","2hoge","32hoge","4","5"
"167","1","2hoge","3","這い寄れニャル子さん","5"
"168","室見立華","2hoge","3","4","5"
"169","ab","cd","ef","gh","ij"
"170","1","2","3","4","fuga5"
"171","1","2hoge","3","4","5"
"172","1","2hoge","32hoge","4","5"
"173","1","2hoge","3","這い寄れニャル子さん","5"
"174","室見立華","2hoge","3","4","5"
"175","ab","cd","ef","gh","ij"
"176","1","2","3","4","fuga5"
"177","1","2hoge","3","4","5"
"178","1","2hoge","32hoge","4","5"
"179","1","2hoge","3","這い寄れニャル子さん","5"
"180","室見立華","2hoge","3","4","5"
"181","ab","cd","ef","gh","ij"
"182","1","2","3","4","fuga5"
"183","1","2hoge","3","4","5"
"184","1","2hoge","32hoge","4","5"
"185","1","2hoge","3","這い寄れニャル子さん","5"
"186","室見立華","2hoge","3","4","5"
"187","ab","cd","ef","gh","ij"
"188","1","2","3","4","fuga5"
"189","1","2hoge","3","4","5"
"190","1","2hoge","32hoge","4","5"
"191","1","2hoge","3","這い寄れニャル子さん","5"
"192","室見立華","2hoge","3","4","5"
"193","ab","cd","ef","gh","ij"
"194","1","2","3","4","fuga5"
"195","1","2hoge","3","4","5"
"196","1","2hoge","32hoge","4","5"
"197","1","2hoge","3","這い寄れニャル子さん","5"
"198","室見立華","2hoge","3","4","5"
"199","ab","cd","ef","gh","ij"
"200","1","2","3","4","fuga5"
"201","1","2hoge","3","4","5"
"202","1","2hoge","32hoge","4","5"
"203","1","2hoge","3","這い寄れニャル子さん","5"
"204","室見立華","2hoge","3","4","5"
"205","ab","cd","ef","gh","ij"
"206","1","2","3","4","fuga5"
"207","1","2hoge","3","4","5"
"208","1","2hoge","32hoge","4","5"
"209","1","2hoge","3","這い寄れニャル子さん","5"
"210","室見立華","2hoge","3","4","5"
"211","ab","cd","ef","gh","ij"
"212","1","2","3","4","fuga5"
"213","1","2hoge","3","4","5"
"214","1","2hoge","32hoge","4","5"
"215","1","2hoge","3","這い寄れニャル子さん","5"
"216","室見立華","2hoge","3","4","5"
"217","室見立華","2hoge","3","4","5"
"218","室見立華","2hoge","3","4","5"
"219","室見立華","2hoge","3","4","5"
"220","室見立華","2hoge","3","4","5"
"221","室見立華","2hoge","3","4","5"
"222","室見立華","2hoge","3","4","5"
"223","室見立華","2hoge","3","4","5"
"224","室見立華","2hoge","3","4","5"
"225","室見立華","2hoge","3","4","5"
"226","室見立華","2hoge","3","4","5"
"227","室見立華","2hoge","3","4","5"
"228","室見立華","2hoge","3","4","5"
"229","室見立華","2hoge","3","4","5"
"230","室見立華","2hoge","3","4","5"
"231","室見立華","2hoge","3","4","5"
"232","室見立華","2hoge","3","4","5"
"233","室見立華","2hoge","3","4","5"
"234","室見立華","2hoge","3","4","5"
"235","室見立華","2hoge","3","4","5"
"236","室見立華","2hoge","3","4","5"
"237","室見立華","2hoge","3","4","5"
"238","室見立華","2hoge","3","4","5"
"239","室見立華","2hoge","3","4","5"
"240","室見立華","2hoge","3","4","5"
"241","室見立華","2hoge","3","4","5"
"242","室見立華","2hoge","3","4","5"
"243","室見立華","2hoge","3","4","5"
"244","室見立華","2hoge","3","4","5"
"245","室見立華","2hoge","3","4","5"
"246","室見立華","2hoge","3","4","5"
"247","室見立華","2hoge","3","4","5"
"248","室見立華","2hoge","3","4","5"
"249","室見立華","2hoge","3","4","5"
"250","室見立華","2hoge","3","4","5"
"251","室見立華","2hoge","3","4","5"
"252","室見立華","2hoge","3","4","5"
"253","室見立華","2hoge","3","4","5"
"254","室見立華","2hoge","3","4","5"
"255","室見立華","2hoge","3","4","5"
"256","室見立華","2hoge","3","4","5"
"257","室見立華","2hoge","3","4","5"
"258","室見立華","2hoge","3","4","5"
"259","室見立華","2hoge","3","4","5"
"260","室見立華","2hoge","3","4","5"
"261","室見立華","2hoge","3","4","5"
"262","室見立華","2hoge","3","4","5"
"263","室見立華","2hoge","3","4","5"
"264","室見立華","2hoge","3","4","5"
"265","室見立華","2hoge","3","4","5"
"266","室見立華","2hoge","3","4","5"
"267","室見立華","2hoge","3","4","5"
"268","室見立華","2hoge","3","4","5"
"269","室見立華","2hoge","3","4","5"
"270","室見立華","2hoge","3","4","5"
"271","室見立華","2hoge","3","4","5"
"272","室見立華","2hoge","3","4","5"
"273","室見立華","2hoge","3","4","5"
"274","室見立華","2hoge","3","4","5"
"275","室見立華","2hoge","3","4","5"
"276","室見立華","2hoge","3","4","5"
"277","室見立華","2hoge","3","4","5"
"278","室見立華","2hoge","3","4","5"
"279","室見立華","2hoge","3","4","5"
"280","室見立華","2hoge","3","4","5"
"281","室見立華","2hoge","3","4","5"
"282","室見立華","2hoge","3","4","5"
"283","室見立華","2hoge","3","4","5"
"284","室見立華","2hoge","3","4","5"
"1","ab","cd","ef","gh","ij"
"2","1","2","3","4","fuga5"
"3","1","2hoge","3","4","5"
"4","1","2hoge","32hoge","4","5"
"5","1","2hoge","3","這い寄れニャル子さん","5"
"6","室見立華","2hoge","3","4","5"
"7","ab","cd","ef","gh","ij"
"8","1","2","3","4","fuga5"
"9","1","2hoge","3","4","5"
"10","1","2hoge","32hoge","4","5"
"11","1","2hoge","3","這い寄れニャル子さん","5"
"12","室見立華","2hoge","3","4","5"
"13","ab","cd","ef","gh","ij"
"14","1","2","3","4","fuga5"
"15","1","2hoge","3","4","5"
"16","1","2hoge","32hoge","4","5"
"17","1","2hoge","3","這い寄れニャル子さん","5"
"18","室見立華","2hoge","3","4","5"
"19","ab","cd","ef","gh","ij"
"20","1","2","3","4","fuga5"
"21","1","2hoge","3","4","5"
"22","1","2hoge","32hoge","4","5"
"23","1","2hoge","3","這い寄れニャル子さん","5"
"24","室見立華","2hoge","3","4","5"
"25","ab","cd","ef","gh","ij"
"26","1","2","3","4","fuga5"
"27","1","2hoge","3","4","5"
"28","1","2hoge","32hoge","4","5"
"29","1","2hoge","3","這い寄れニャル子さん","5"
"30","室見立華","2hoge","3","4","5"
"31","ab","cd","ef","gh","ij"
"32","1","2","3","4","fuga5"
"33","1","2hoge","3","4","5"
"34","1","2hoge","32hoge","4","5"
"35","1","2hoge","3","這い寄れニャル子さん","5"
"36","室見立華","2hoge","3","4","5"
"37","ab","cd","ef","gh","ij"
"38","1","2","3","4","fuga5"
"39","1","2hoge","3","4","5"
"40","1","2hoge","32hoge","4","5"
"41","1","2hoge","3","這い寄れニャル子さん","5"
"42","室見立華","2hoge","3","4","5"
"43","ab","cd","ef","gh","ij"
"44","1","2","3","4","fuga5"
"45","1","2hoge","3","4","5"
"46","1","2hoge","32hoge","4","5"
"47","1","2hoge","3","這い寄れニャル子さん","5"
"48","室見立華","2hoge","3","4","5"
"49","ab","cd","ef","gh","ij"
"50","1","2","3","4","fuga5"
"51","1","2hoge","3","4","5"
"52","1","2hoge","32hoge","4","5"
"53","1","2hoge","3","這い寄れニャル子さん","5"
"54","室見立華","2hoge","3","4","5"
"55","ab","cd","ef","gh","ij"
"56","1","2","3","4","fuga5"
"57","1","2hoge","3","4","5"
"58","1","2hoge","32hoge","4","5"
"59","1","2hoge","3","這い寄れニャル子さん","5"
"60","室見立華","2hoge","3","4","5"
"61","ab","cd","ef","gh","ij"
"62","1","2","3","4","fuga5"
"63","1","2hoge","3","4","5"
"64","1","2hoge","32hoge","4","5"
"65","1","2hoge","3","這い寄れニャル子さん","5"
"66","室見立華","2hoge","3","4","5"
"67","ab","cd","ef","gh","ij"
"68","1","2","3","4","fuga5"
"69","1","2hoge","3","4","5"
"70","1","2hoge","32hoge","4","5"
"71","1","2hoge","3","這い寄れニャル子さん","5"
"72","室見立華","2hoge","3","4","5"
"73","ab","cd","ef","gh","ij"
"74","1","2","3","4","fuga5"
"75","1","2hoge","3","4","5"
"76","1","2hoge","32hoge","4","5"
"77","1","2hoge","3","這い寄れニャル子さん","5"
"78","室見立華","2hoge","3","4","5"
"79","ab","cd","ef","gh","ij"
"80","1","2","3","4","fuga5"
"81","1","2hoge","3","4","5"
"82","1","2hoge","32hoge","4","5"
"83","1","2hoge","3","這い寄れニャル子さん","5"
"84","室見立華","2hoge","3","4","5"
"85","ab","cd","ef","gh","ij"
"86","1","2","3","4","fuga5"
"87","1","2hoge","3","4","5"
"88","1","2hoge","32hoge","4","5"
"89","1","2hoge","3","這い寄れニャル子さん","5"
"90","室見立華","2hoge","3","4","5"
"91","ab","cd","ef","gh","ij"
"92","1","2","3","4","fuga5"
"93","1","2hoge","3","4","5"
"94","1","2hoge","32hoge","4","5"
"95","1","2hoge","3","這い寄れニャル子さん","5"
"96","室見立華","2hoge","3","4","5"
"97","ab","cd","ef","gh","ij"
"98","1","2","3","4","fuga5"
"99","1","2hoge","3","4","5"
"100","1","2hoge","32hoge","4","5"
"101","1","2hoge","3","這い寄れニャル子さん","5"
"102","室見立華","2hoge","3","4","5"
"103","ab","cd","ef","gh","ij"
"104","1","2","3","4","fuga5"
"105","1","2hoge","3","4","5"
"106","1","2hoge","32hoge","4","5"
"107","1","2hoge","3","這い寄れニャル子さん","5"
"108","室見立華","2hoge","3","4","5"
"109","ab","cd","ef","gh","ij"
"110","1","2","3","4","fuga5"
"111","1","2hoge","3","4","5"
"112","1","2hoge","32hoge","4","5"
"113","1","2hoge","3","這い寄れニャル子さん","5"
"114","室見立華","2hoge","3","4","5"
"115","ab","cd","ef","gh","ij"
"116","1","2","3","4","fuga5"
"117","1","2hoge","3","4","5"
"118","1","2hoge","32hoge","4","5"
"119","1","2hoge","3","這い寄れニャル子さん","5"
"120","室見立華","2hoge","3","4","5"
"121","ab","cd","ef","gh","ij"
"122","1","2","3","4","fuga5"
"123","1","2hoge","3","4","5"
"124","1","2hoge","32hoge","4","5"
"125","1","2hoge","3","這い寄れニャル子さん","5"
"126","室見立華","2hoge","3","4","5"
"127","ab","cd","ef","gh","ij"
"128","1","2","3","4","fuga5"
"129","1","2hoge","3","4","5"
"130","1","2hoge","32hoge","4","5"
"131","1","2hoge","3","這い寄れニャル子さん","5"
"132","室見立華","2hoge","3","4","5"
"133","ab","cd","ef","gh","ij"
"134","1","2","3","4","fuga5"
"135","1","2hoge","3","4","5"
"136","1","2hoge","32hoge","4","5"
"137","1","2hoge","3","這い寄れニャル子さん","5"
"138","室見立華","2hoge","3","4","5"
"139","ab","cd","ef","gh","ij"
"140","1","2","3","4","fuga5"
"141","1","2hoge","3","4","5"
"142","1","2hoge","32hoge","4","5"
"143","1","2hoge","3","這い寄れニャル子さん","5"
"144","室見立華","2hoge","3","4","5"
"145","ab","cd","ef","gh","ij"
"146","1","2","3","4","fuga5"
"147","1","2hoge","3","4","5"
"148","1","2hoge","32hoge","4","5"
"149","1","2hoge","3","這い寄れニャル子さん","5"
"150","室見立華","2hoge","3","4","5"
"151","ab","cd","ef","gh","ij"
"152","1","2","3","4","fuga5"
"153","1","2hoge","3","4","5"
"154","1","2hoge","32hoge","4","5"
"155","1","2hoge","3","這い寄れニャル子さん","5"
"156","室見立華","2hoge","3","4","5"
"157","ab","cd","ef","gh","ij"
"158","1","2","3","4","fuga5"
"159","1","2hoge","3","4","5"
"160","1","2hoge","32hoge","4","5"
"161","1","2hoge","3","這い寄れニャル子さん","5"
"162","室見立華","2hoge","3","4","5"
"163","ab","cd","ef","gh","ij"
"164","1","2","3","4","fuga5"
"165","1","2hoge","3","4","5"
"166","1","2hoge","32hoge","4","5"
"167","1","2hoge","3","這い寄れニャル子さん","5"
"168","室見立華","2hoge","3","4","5"
"169","ab","cd","ef","gh","ij"
"170","1","2","3","4","fuga5"
"171","1","2hoge","3","4","5"
"172","1","2hoge","32hoge","4","5"
"173","1","2hoge","3","這い寄れニャル子さん","5"
"174","室見立華","2hoge","3","4","5"
"175","ab","cd","ef","gh","ij"
"176","1","2","3","4","fuga5"
"177","1","2hoge","3","4","5"
"178","1","2hoge","32hoge","4","5"
"179","1","2hoge","3","這い寄れニャル子さん","5"
"180","室見立華","2hoge","3","4","5"
"181","ab","cd","ef","gh","ij"
"182","1","2","3","4","fuga5"
"183","1","2hoge","3","4","5"
"184","1","2hoge","32hoge","4","5"
"185","1","2hoge","3","這い寄れニャル子さん","5"
"186","室見立華","2hoge","3","4","5"
"187","ab","cd","ef","gh","ij"
"188","1","2","3","4","fuga5"
"189","1","2hoge","3","4","5"
"190","1","2hoge","32hoge","4","5"
"191","1","2hoge","3","這い寄れニャル子さん","5"
"192","室見立華","2hoge","3","4","5"
"193","ab","cd","ef","gh","ij"
"194","1","2","3","4","fuga5"
"195","1","2hoge","3","4","5"
"196","1","2hoge","32hoge","4","5"
"197","1","2hoge","3","這い寄れニャル子さん","5"
"198","室見立華","2hoge","3","4","5"
"199","ab","cd","ef","gh","ij"
"200","1","2","3","4","fuga5"
"201","1","2hoge","3","4","5"
"202","1","2hoge","32hoge","4","5"
"203","1","2hoge","3","這い寄れニャル子さん","5"
"204","室見立華","2hoge","3","4","5"
"205","ab","cd","ef","gh","ij"
"206","1","2","3","4","fuga5"
"207","1","2hoge","3","4","5"
"208","1","2hoge","32hoge","4","5"
"209","1","2hoge","3","這い寄れニャル子さん","5"
"210","室見立華","2hoge","3","4","5"
"211","ab","cd","ef","gh","ij"
"212","1","2","3","4","fuga5"
"213","1","2hoge","3","4","5"
"214","1","2hoge","32hoge","4","5"
"215","1","2hoge","3","這い寄れニャル子さん","5"
"216","室見立華","2hoge","3","4","5"
"217","室見立華","2hoge","3","4","5"
"218","室見立華","2hoge","3","4","5"
"219","室見立華","2hoge","3","4","5"
"220","室見立華","2hoge","3","4","5"
"221","室見立華","2hoge","3","4","5"
"222","室見立華","2hoge","3","4","5"
"223","室見立華","2hoge","3","4","5"
"224","室見立華","2hoge","3","4","5"
"225","室見立華","2hoge","3","4","5"
"226","室見立華","2hoge","3","4","5"
"227","室見立華","2hoge","3","4","5"
"228","室見立華","2hoge","3","4","5"
"229","室見立華","2hoge","3","4","5"
"230","室見立華","2hoge","3","4","5"
"231","室見立華","2hoge","3","4","5"
"232","室見立華","2hoge","3","4","5"
"233","室見立華","2hoge","3","4","5"
"234","室見立華","2hoge","3","4","5"
"235","室見立華","2hoge","3","4","5"
"236","室見立華","2hoge","3","4","5"
"237","室見立華","2hoge","3","4","5"
"238","室見立華","2hoge","3","4","5"
"239","室見立華","2hoge","3","4","5"
"240","室見立華","2hoge","3","4","5"
"241","室見立華","2hoge","3","4","5"
"242","室見立華","2hoge","3","4","5"
"243","室見立華","2hoge","3","4","5"
"244","室見立華","2hoge","3","4","5"
"245","室見立華","2hoge","3","4","5"
"246","室見立華","2hoge","3","4","5"
"247","室見立華","2hoge","3","4","5"
"248","室見立華","2hoge","3","4","5"
"249","室見立華","2hoge","3","4","5"
"250","室見立華","2hoge","3","4","5"
"251","室見立華","2hoge","3","4","5"
"252","室見立華","2hoge","3","4","5"
"253","室見立華","2hoge","3","4","5"
"254","室見立華","2hoge","3","4","5"
"255","室見立華","2hoge","3","4","5"
"256","室見立華","2hoge","3","4","5"
"257","室見立華","2hoge","3","4","5"
"258","室見立華","2hoge","3","4","5"
"259","室見立華","2hoge","3","4","5"
"260","室見立華","2hoge","3","4","5"
"261","室見立華","2hoge","3","4","5"
"262","室見立華","2hoge","3","4","5"
"263","室見立華","2hoge","3","4","5"
"264","室見立華","2hoge","3","4","5"
"265","室見立華","2hoge","3","4","5"
"266","室見立華","2hoge","3","4","5"
"267","室見立華","2hoge","3","4","5"
"268","室見立華","2hoge","3","4","5"
"269","室見立華","2hoge","3","4","5"
"270","室見立華","2hoge","3","4","5"
"271","室見立華","2hoge","3","4","5"
"272","室見立華","2hoge","3","4","5"
"273","室見立華","2hoge","3","4","5"
"274","室見立華","2hoge","3","4","5"
"275","室見立華","2hoge","3","4","5"
"276","室見立華","2hoge","3","4","5"
"277","室見立華","2hoge","3","4","5"
"278","室見立華","2hoge","3","4","5"
"279","室見立華","2hoge","3","4","5"
"280","室見立華","2hoge","3","4","5"
"281","室見立華","2hoge","3","4","5"
"282","室見立華","2hoge","3","4","5"
"283","室見立華","2hoge","3","4","5"
"284","室見立華","2hoge","3","4","5"
"1","ab","cd","ef","gh","ij"
"2","1","2","3","4","fuga5"
"3","1","2hoge","3","4","5"
"4","1","2hoge","32hoge","4","5"
"5","1","2hoge","3","這い寄れニャル子さん","5"
"6","室見立華","2hoge","3","4","5"
"7","ab","cd","ef","gh","ij"
"8","1","2","3","4","fuga5"
"9","1","2hoge","3","4","5"
"10","1","2hoge","32hoge","4","5"
"11","1","2hoge","3","這い寄れニャル子さん","5"
"12","室見立華","2hoge","3","4","5"
"13","ab","cd","ef","gh","ij"
"14","1","2","3","4","fuga5"
"15","1","2hoge","3","4","5"
"16","1","2hoge","32hoge","4","5"
"17","1","2hoge","3","這い寄れニャル子さん","5"
"18","室見立華","2hoge","3","4","5"
"19","ab","cd","ef","gh","ij"
"20","1","2","3","4","fuga5"
"21","1","2hoge","3","4","5"
"22","1","2hoge","32hoge","4","5"
"23","1","2hoge","3","這い寄れニャル子さん","5"
"24","室見立華","2hoge","3","4","5"
"25","ab","cd","ef","gh","ij"
"26","1","2","3","4","fuga5"
"27","1","2hoge","3","4","5"
"28","1","2hoge","32hoge","4","5"
"29","1","2hoge","3","這い寄れニャル子さん","5"
"30","室見立華","2hoge","3","4","5"
"31","ab","cd","ef","gh","ij"
"32","1","2","3","4","fuga5"
"33","1","2hoge","3","4","5"
"34","1","2hoge","32hoge","4","5"
"35","1","2hoge","3","這い寄れニャル子さん","5"
"36","室見立華","2hoge","3","4","5"
"37","ab","cd","ef","gh","ij"
"38","1","2","3","4","fuga5"
"39","1","2hoge","3","4","5"
"40","1","2hoge","32hoge","4","5"
"41","1","2hoge","3","這い寄れニャル子さん","5"
"42","室見立華","2hoge","3","4","5"
"43","ab","cd","ef","gh","ij"
"44","1","2","3","4","fuga5"
"45","1","2hoge","3","4","5"
"46","1","2hoge","32hoge","4","5"
"47","1","2hoge","3","這い寄れニャル子さん","5"
"48","室見立華","2hoge","3","4","5"
"49","ab","cd","ef","gh","ij"
"50","1","2","3","4","fuga5"
"51","1","2hoge","3","4","5"
"52","1","2hoge","32hoge","4","5"
"53","1","2hoge","3","這い寄れニャル子さん","5"
"54","室見立華","2hoge","3","4","5"
"55","ab","cd","ef","gh","ij"
"56","1","2","3","4","fuga5"
"57","1","2hoge","3","4","5"
"58","1","2hoge","32hoge","4","5"
"59","1","2hoge","3","這い寄れニャル子さん","5"
"60","室見立華","2hoge","3","4","5"
"61","ab","cd","ef","gh","ij"
"62","1","2","3","4","fuga5"
"63","1","2hoge","3","4","5"
"64","1","2hoge","32hoge","4","5"
"65","1","2hoge","3","這い寄れニャル子さん","5"
"66","室見立華","2hoge","3","4","5"
"67","ab","cd","ef","gh","ij"
"68","1","2","3","4","fuga5"
"69","1","2hoge","3","4","5"
"70","1","2hoge","32hoge","4","5"
"71","1","2hoge","3","這い寄れニャル子さん","5"
"72","室見立華","2hoge","3","4","5"
"73","ab","cd","ef","gh","ij"
"74","1","2","3","4","fuga5"
"75","1","2hoge","3","4","5"
"76","1","2hoge","32hoge","4","5"
"77","1","2hoge","3","這い寄れニャル子さん","5"
"78","室見立華","2hoge","3","4","5"
"79","ab","cd","ef","gh","ij"
"80","1","2","3","4","fuga5"
"81","1","2hoge","3","4","5"
"82","1","2hoge","32hoge","4","5"
"83","1","2hoge","3","這い寄れニャル子さん","5"
"84","室見立華","2hoge","3","4","5"
"85","ab","cd","ef","gh","ij"
"86","1","2","3","4","fuga5"
"87","1","2hoge","3","4","5"
"88","1","2hoge","32hoge","4","5"
"89","1","2hoge","3","這い寄れニャル子さん","5"
"90","室見立華","2hoge","3","4","5"
"91","ab","cd","ef","gh","ij"
"92","1","2","3","4","fuga5"
"93","1","2hoge","3","4","5"
"94","1","2hoge","32hoge","4","5"
"95","1","2hoge","3","這い寄れニャル子さん","5"
"96","室見立華","2hoge","3","4","5"
"97","ab","cd","ef","gh","ij"
"98","1","2","3","4","fuga5"
"99","1","2hoge","3","4","5"
"100","1","2hoge","32hoge","4","5"
"101","1","2hoge","3","這い寄れニャル子さん","5"
"102","室見立華","2hoge","3","4","5"
"103","ab","cd","ef","gh","ij"
"104","1","2","3","4","fuga5"
"105","1","2hoge","3","4","5"
"106","1","2hoge","32hoge","4","5"
"107","1","2hoge","3","這い寄れニャル子さん","5"
"108","室見立華","2hoge","3","4","5"
"109","ab","cd","ef","gh","ij"
"110","1","2","3","4","fuga5"
"111","1","2hoge","3","4","5"
"112","1","2hoge","32hoge","4","5"
"113","1","2hoge","3","這い寄れニャル子さん","5"
"114","室見立華","2hoge","3","4","5"
"115","ab","cd","ef","gh","ij"
"116","1","2","3","4","fuga5"
"117","1","2hoge","3","4","5"
"118","1","2hoge","32hoge","4","5"
"119","1","2hoge","3","這い寄れニャル子さん","5"
"120","室見立華","2hoge","3","4","5"
"121","ab","cd","ef","gh","ij"
"122","1","2","3","4","fuga5"
"123","1","2hoge","3","4","5"
"124","1","2hoge","32hoge","4","5"
"125","1","2hoge","3","這い寄れニャル子さん","5"
"126","室見立華","2hoge","3","4","5"
"127","ab","cd","ef","gh","ij"
"128","1","2","3","4","fuga5"
"129","1","2hoge","3","4","5"
"130","1","2hoge","32hoge","4","5"
"131","1","2hoge","3","這い寄れニャル子さん","5"
"132","室見立華","2hoge","3","4","5"
"133","ab","cd","ef","gh","ij"
"134","1","2","3","4","fuga5"
"135","1","2hoge","3","4","5"
"136","1","2hoge","32hoge","4","5"
"137","1","2hoge","3","這い寄れニャル子さん","5"
"138","室見立華","2hoge","3","4","5"
"139","ab","cd","ef","gh","ij"
"140","1","2","3","4","fuga5"
"141","1","2hoge","3","4","5"
"142","1","2hoge","32hoge","4","5"
"143","1","2hoge","3","這い寄れニャル子さん","5"
"144","室見立華","2hoge","3","4","5"
"145","ab","cd","ef","gh","ij"
"146","1","2","3","4","fuga5"
"147","1","2hoge","3","4","5"
"148","1","2hoge","32hoge","4","5"
"149","1","2hoge","3","這い寄れニャル子さん","5"
"150","室見立華","2hoge","3","4","5"
"151","ab","cd","ef","gh","ij"
"152","1","2","3","4","fuga5"
"153","1","2hoge","3","4","5"
"154","1","2hoge","32hoge","4","5"
"155","1","2hoge","3","這い寄れニャル子さん","5"
"156","室見立華","2hoge","3","4","5"
"157","ab","cd","ef","gh","ij"
"158","1","2","3","4","fuga5"
"159","1","2hoge","3","4","5"
"160","1","2hoge","32hoge","4","5"
"161","1","2hoge","3","這い寄れニャル子さん","5"
"162","室見立華","2hoge","3","4","5"
"163","ab","cd","ef","gh","ij"
"164","1","2","3","4","fuga5"
"165","1","2hoge","3","4","5"
"166","1","2hoge","32hoge","4","5"
"167","1","2hoge","3","這い寄れニャル子さん","5"
"168","室見立華","2hoge","3","4","5"
"169","ab","cd","ef","gh","ij"
"170","1","2","3","4","fuga5"
"171","1","2hoge","3","4","5"
"172","1","2hoge","32hoge","4","5"
"173","1","2hoge","3","這い寄れニャル子さん","5"
"174","室見立華","2hoge","3","4","5"
"175","ab","cd","ef","gh","ij"
"176","1","2","3","4","fuga5"
"177","1","2hoge","3","4","5"
"178","1","2hoge","32hoge","4","5"
"179","1","2hoge","3","這い寄れニャル子さん","5"
"180","室見立華","2hoge","3","4","5"
"181","ab","cd","ef","gh","ij"
"182","1","2","3","4","fuga5"
"183","1","2hoge","3","4","5"
"184","1","2hoge","32hoge","4","5"
"185","1","2hoge","3","這い寄れニャル子さん","5"
"186","室見立華","2hoge","3","4","5"
"187","ab","cd","ef","gh","ij"
"188","1","2","3","4","fuga5"
"189","1","2hoge","3","4","5"
"190","1","2hoge","32hoge","4","5"
"191","1","2hoge","3","這い寄れニャル子さん","5"
"192","室見立華","2hoge","3","4","5"
"193","ab","cd","ef","gh","ij"
"194","1","2","3","4","fuga5"
"195","1","2hoge","3","4","5"
"196","1","2hoge","32hoge","4","5"
"197","1","2hoge","3","這い寄れニャル子さん","5"
"198","室見立華","2hoge","3","4","5"
"199","ab","cd","ef","gh","ij"
"200","1","2","3","4","fuga5"
"201","1","2hoge","3","4","5"
"202","1","2hoge","32hoge","4","5"
"203","1","2hoge","3","這い寄れニャル子さん","5"
"204","室見立華","2hoge","3","4","5"
"205","ab","cd","ef","gh","ij"
"206","1","2","3","4","fuga5"
"207","1","2hoge","3","4","5"
"208","1","2hoge","32hoge","4","5"
"209","1","2hoge","3","這い寄れニャル子さん","5"
"210","室見立華","2hoge","3","4","5"
"211","ab","cd","ef","gh","ij"
"212","1","2","3","4","fuga5"
"213","1","2hoge","3","4","5"
"214","1","2hoge","32hoge","4","5"
"215","1","2hoge","3","這い寄れニャル子さん","5"
"216","室見立華","2hoge","3","4","5"
"217","室見立華","2hoge","3","4","5"
"218","室見立華","2hoge","3","4","5"
"219","室見立華","2hoge","3","4","5"
"220","室見立華","2hoge","3","4","5"
"221","室見立華","2hoge","3","4","5"
"222","室見立華","2hoge","3","4","5"
"223","室見立華","2hoge","3","4","5"
"224","室見立華","2hoge","3","4","5"
"225","室見立華","2hoge","3","4","5"
"226","室見立華","2hoge","3","4","5"
"227","室見立華","2hoge","3","4","5"
"228","室見立華","2hoge","3","4","5"
"229","室見立華","2hoge","3","4","5"
"230","室見立華","2hoge","3","4","5"
"231","室見立華","2hoge","3","4","5"
"232","室見立華","2hoge","3","4","5"
"233","室見立華","2hoge","3","4","5"
"234","室見立華","2hoge","3","4","5"
"235","室見立華","2hoge","3","4","5"
"236","室見立華","2hoge","3","4","5"
"237","室見立華","2hoge","3","4","5"
"238","室見立華","2hoge","3","4","5"
"239","室見立華","2hoge","3","4","5"
"240","室見立華","2hoge","3","4","5"
"241","室見立華","2hoge","3","4","5"
"242","室見立華","2hoge","3","4","5"
"243","室見立華","2hoge","3","4","5"
"244","室見立華","2hoge","3","4","5"
"245","室見立華","2hoge","3","4","5"
"246","室見立華","2hoge","3","4","5"
"247","室見立華","2hoge","3","4","5"
"248","室見立華","2hoge","3","4","5"
"249","室見立華","2hoge","3","4","5"
"250","室見立華","2hoge","3","4","5"
"251","室見立華","2hoge","3","4","5"
"252","室見立華","2hoge","3","4","5"
"253","室見立華","2hoge","3","4","5"
"254","室見立華","2hoge","3","4","5"
"255","室見立華","2hoge","3","4","5"
"256","室見立華","2hoge","3","4","5"
"257","室見立華","2hoge","3","4","5"
"258","室見立華","2hoge","3","4","5"
"259","室見立華","2hoge","3","4","5"
"260","室見立華","2hoge","3","4","5"
"261","室見立華","2hoge","3","4","5"
"262","室見立華","2hoge","3","4","5"
"263","室見立華","2hoge","3","4","5"
"264","室見立華","2hoge","3","4","5"
"265","室見立華","2hoge","3","4","5"
"266","室見立華","2hoge","3","4","5"
"267","室見立華","2hoge","3","4","5"
"268","室見立華","2hoge","3","4","5"
"269","室見立華","2hoge","3","4","5"
"270","室見立華","2hoge","3","4","5"
"271","室見立華","2hoge","3","4","5"
"272","室見立華","2hoge","3","4","5"
"273","室見立華","2hoge","3","4","5"
"274","室見立華","2hoge","3","4","5"
"275","室見立華","2hoge","3","4","5"
"276","室見立華","2hoge","3","4","5"
"277","室見立華","2hoge","3","4","5"
"278","室見立華","2hoge","3","4","5"
"279","室見立華","2hoge","3","4","5"
"280","室見立華","2hoge","3","4","5"
"281","室見立華","2hoge","3","4","5"
"282","室見立華","2hoge","3","4","5"
"283","室見立華","2hoge","3","4","5"
"284","室見立華","2hoge","3","4","5"
"1","ab","cd","ef","gh","ij"
"2","1","2","3","4","fuga5"
"3","1","2hoge","3","4","5"
"4","1","2hoge","32hoge","4","5"
"5","1","2hoge","3","這い寄れニャル子さん","5"
"6","室見立華","2hoge","3","4","5"
"7","ab","cd","ef","gh","ij"
"8","1","2","3","4","fuga5"
"9","1","2hoge","3","4","5"
"10","1","2hoge","32hoge","4","5"
"11","1","2hoge","3","這い寄れニャル子さん","5"
"12","室見立華","2hoge","3","4","5"
"13","ab","cd","ef","gh","ij"
"14","1","2","3","4","fuga5"
"15","1","2hoge","3","4","5"
"16","1","2hoge","32hoge","4","5"
"17","1","2hoge","3","這い寄れニャル子さん","5"
"18","室見立華","2hoge","3","4","5"
"19","ab","cd","ef","gh","ij"
"20","1","2","3","4","fuga5"
"21","1","2hoge","3","4","5"
"22","1","2hoge","32hoge","4","5"
"23","1","2hoge","3","這い寄れニャル子さん","5"
"24","室見立華","2hoge","3","4","5"
"25","ab","cd","ef","gh","ij"
"26","1","2","3","4","fuga5"
"27","1","2hoge","3","4","5"
"28","1","2hoge","32hoge","4","5"
"29","1","2hoge","3","這い寄れニャル子さん","5"
"30","室見立華","2hoge","3","4","5"
"31","ab","cd","ef","gh","ij"
"32","1","2","3","4","fuga5"
"33","1","2hoge","3","4","5"
"34","1","2hoge","32hoge","4","5"
"35","1","2hoge","3","這い寄れニャル子さん","5"
"36","室見立華","2hoge","3","4","5"
"37","ab","cd","ef","gh","ij"
"38","1","2","3","4","fuga5"
"39","1","2hoge","3","4","5"
"40","1","2hoge","32hoge","4","5"
"41","1","2hoge","3","這い寄れニャル子さん","5"
"42","室見立華","2hoge","3","4","5"
"43","ab","cd","ef","gh","ij"
"44","1","2","3","4","fuga5"
"45","1","2hoge","3","4","5"
"46","1","2hoge","32hoge","4","5"
"47","1","2hoge","3","這い寄れニャル子さん","5"
"48","室見立華","2hoge","3","4","5"
"49","ab","cd","ef","gh","ij"
"50","1","2","3","4","fuga5"
"51","1","2hoge","3","4","5"
"52","1","2hoge","32hoge","4","5"
"53","1","2hoge","3","這い寄れニャル子さん","5"
"54","室見立華","2hoge","3","4","5"
"55","ab","cd","ef","gh","ij"
"56","1","2","3","4","fuga5"
"57","1","2hoge","3","4","5"
"58","1","2hoge","32hoge","4","5"
"59","1","2hoge","3","這い寄れニャル子さん","5"
"60","室見立華","2hoge","3","4","5"
"61","ab","cd","ef","gh","ij"
"62","1","2","3","4","fuga5"
"63","1","2hoge","3","4","5"
"64","1","2hoge","32hoge","4","5"
"65","1","2hoge","3","這い寄れニャル子さん","5"
"66","室見立華","2hoge","3","4","5"
"67","ab","cd","ef","gh","ij"
"68","1","2","3","4","fuga5"
"69","1","2hoge","3","4","5"
"70","1","2hoge","32hoge","4","5"
"71","1","2hoge","3","這い寄れニャル子さん","5"
"72","室見立華","2hoge","3","4","5"
"73","ab","cd","ef","gh","ij"
"74","1","2","3","4","fuga5"
"75","1","2hoge","3","4","5"
"76","1","2hoge","32hoge","4","5"
"77","1","2hoge","3","這い寄れニャル子さん","5"
"78","室見立華","2hoge","3","4","5"
"79","ab","cd","ef","gh","ij"
"80","1","2","3","4","fuga5"
"81","1","2hoge","3","4","5"
"82","1","2hoge","32hoge","4","5"
"83","1","2hoge","3","這い寄れニャル子さん","5"
"84","室見立華","2hoge","3","4","5"
"85","ab","cd","ef","gh","ij"
"86","1","2","3","4","fuga5"
"87","1","2hoge","3","4","5"
"88","1","2hoge","32hoge","4","5"
"89","1","2hoge","3","這い寄れニャル子さん","5"
"90","室見立華","2hoge","3","4","5"
"91","ab","cd","ef","gh","ij"
"92","1","2","3","4","fuga5"
"93","1","2hoge","3","4","5"
"94","1","2hoge","32hoge","4","5"
"95","1","2hoge","3","這い寄れニャル子さん","5"
"96","室見立華","2hoge","3","4","5"
"97","ab","cd","ef","gh","ij"
"98","1","2","3","4","fuga5"
"99","1","2hoge","3","4","5"
"100","1","2hoge","32hoge","4","5"
"101","1","2hoge","3","這い寄れニャル子さん","5"
"102","室見立華","2hoge","3","4","5"
"103","ab","cd","ef","gh","ij"
"104","1","2","3","4","fuga5"
"105","1","2hoge","3","4","5"
"106","1","2hoge","32hoge","4","5"
"107","1","2hoge","3","這い寄れニャル子さん","5"
"108","室見立華","2hoge","3","4","5"
"109","ab","cd","ef","gh","ij"
"110","1","2","3","4","fuga5"
"111","1","2hoge","3","4","5"
"112","1","2hoge","32hoge","4","5"
"113","1","2hoge","3","這い寄れニャル子さん","5"
"114","室見立華","2hoge","3","4","5"
"115","ab","cd","ef","gh","ij"
"116","1","2","3","4","fuga5"
"117","1","2hoge","3","4","5"
"118","1","2hoge","32hoge","4","5"
"119","1","2hoge","3","這い寄れニャル子さん","5"
"120","室見立華","2hoge","3","4","5"
"121","ab","cd","ef","gh","ij"
"122","1","2","3","4","fuga5"
"123","1","2hoge","3","4","5"
"124","1","2hoge","32hoge","4","5"
"125","1","2hoge","3","這い寄れニャル子さん","5"
"126","室見立華","2hoge","3","4","5"
"127","ab","cd","ef","gh","ij"
"128","1","2","3","4","fuga5"
"129","1","2hoge","3","4","5"
"130","1","2hoge","32hoge","4","5"
"131","1","2hoge","3","這い寄れニャル子さん","5"
"132","室見立華","2hoge","3","4","5"
"133","ab","cd","ef","gh","ij"
"134","1","2","3","4","fuga5"
"135","1","2hoge","3","4","5"
"136","1","2hoge","32hoge","4","5"
"137","1","2hoge","3","這い寄れニャル子さん","5"
"138","室見立華","2hoge","3","4","5"
"139","ab","cd","ef","gh","ij"
"140","1","2","3","4","fuga5"
"141","1","2hoge","3","4","5"
"142","1","2hoge","32hoge","4","5"
"143","1","2hoge","3","這い寄れニャル子さん","5"
"144","室見立華","2hoge","3","4","5"
"145","ab","cd","ef","gh","ij"
"146","1","2","3","4","fuga5"
"147","1","2hoge","3","4","5"
"148","1","2hoge","32hoge","4","5"
"149","1","2hoge","3","這い寄れニャル子さん","5"
"150","室見立華","2hoge","3","4","5"
"151","ab","cd","ef","gh","ij"
"152","1","2","3","4","fuga5"
"153","1","2hoge","3","4","5"
"154","1","2hoge","32hoge","4","5"
"155","1","2hoge","3","這い寄れニャル子さん","5"
"156","室見立華","2hoge","3","4","5"
"157","ab","cd","ef","gh","ij"
"158","1","2","3","4","fuga5"
"159","1","2hoge","3","4","5"
"160","1","2hoge","32hoge","4","5"
"161","1","2hoge","3","這い寄れニャル子さん","5"
"162","室見立華","2hoge","3","4","5"
"163","ab","cd","ef","gh","ij"
"164","1","2","3","4","fuga5"
"165","1","2hoge","3","4","5"
"166","1","2hoge","32hoge","4","5"
"167","1","2hoge","3","這い寄れニャル子さん","5"
"168","室見立華","2hoge","3","4","5"
"169","ab","cd","ef","gh","ij"
"170","1","2","3","4","fuga5"
"171","1","2hoge","3","4","5"
"172","1","2hoge","32hoge","4","5"
"173","1","2hoge","3","這い寄れニャル子さん","5"
"174","室見立華","2hoge","3","4","5"
"175","ab","cd","ef","gh","ij"
"176","1","2","3","4","fuga5"
"177","1","2hoge","3","4","5"
"178","1","2hoge","32hoge","4","5"
"179","1","2hoge","3","這い寄れニャル子さん","5"
"180","室見立華","2hoge","3","4","5"
"181","ab","cd","ef","gh","ij"
"182","1","2","3","4","fuga5"
"183","1","2hoge","3","4","5"
"184","1","2hoge","32hoge","4","5"
"185","1","2hoge","3","這い寄れニャル子さん","5"
"186","室見立華","2hoge","3","4","5"
"187","ab","cd","ef","gh","ij"
"188","1","2","3","4","fuga5"
"189","1","2hoge","3","4","5"
"190","1","2hoge","32hoge","4","5"
"191","1","2hoge","3","這い寄れニャル子さん","5"
"192","室見立華","2hoge","3","4","5"
"193","ab","cd","ef","gh","ij"
"194","1","2","3","4","fuga5"
"195","1","2hoge","3","4","5"
"196","1","2hoge","32hoge","4","5"
"197","1","2hoge","3","這い寄れニャル子さん","5"
"198","室見立華","2hoge","3","4","5"
"199","ab","cd","ef","gh","ij"
"200","1","2","3","4","fuga5"
"201","1","2hoge","3","4","5"
"202","1","2hoge","32hoge","4","5"
"203","1","2hoge","3","這い寄れニャル子さん","5"
"204","室見立華","2hoge","3","4","5"
"205","ab","cd","ef","gh","ij"
"206","1","2","3","4","fuga5"
"207","1","2hoge","3","4","5"
"208","1","2hoge","32hoge","4","5"
"209","1","2hoge","3","這い寄れニャル子さん","5"
"210","室見立華","2hoge","3","4","5"
"211","ab","cd","ef","gh","ij"
"212","1","2","3","4","fuga5"
"213","1","2hoge","3","4","5"
"214","1","2hoge","32hoge","4","5"
"215","1","2hoge","3","這い寄れニャル子さん","5"
"216","室見立華","2hoge","3","4","5"
"217","室見立華","2hoge","3","4","5"
"218","室見立華","2hoge","3","4","5"
"219","室見立華","2hoge","3","4","5"
"220","室見立華","2hoge","3","4","5"
"221","室見立華","2hoge","3","4","5"
"222","室見立華","2hoge","3","4","5"
"223","室見立華","2hoge","3","4","5"
"224","室見立華","2hoge","3","4","5"
"225","室見立華","2hoge","3","4","5"
"226","室見立華","2hoge","3","4","5"
"227","室見立華","2hoge","3","4","5"
"228","室見立華","2hoge","3","4","5"
"229","室見立華","2hoge","3","4","5"
"230","室見立華","2hoge","3","4","5"
"231","室見立華","2hoge","3","4","5"
"232","室見立華","2hoge","3","4","5"
"233","室見立華","2hoge","3","4","5"
"234","室見立華","2hoge","3","4","5"
"235","室見立華","2hoge","3","4","5"
"236","室見立華","2hoge","3","4","5"
"237","室見立華","2hoge","3","4","5"
"238","室見立華","2hoge","3","4","5"
"239","室見立華","2hoge","3","4","5"
"240","室見立華","2hoge","3","4","5"
"241","室見立華","2hoge","3","4","5"
"242","室見立華","2hoge","3","4","5"
"243","室見立華","2hoge","3","4","5"
"244","室見立華","2hoge","3","4","5"
"245","室見立華","2hoge","3","4","5"
"246","室見立華","2hoge","3","4","5"
"247","室見立華","2hoge","3","4","5"
"248","室見立華","2hoge","3","4","5"
"249","室見立華","2hoge","3","4","5"
"250","室見立華","2hoge","3","4","5"
"251","室見立華","2hoge","3","4","5"
"252","室見立華","2hoge","3","4","5"
"253","室見立華","2hoge","3","4","5"
"254","室見立華","2hoge","3","4","5"
"255","室見立華","2hoge","3","4","5"
"256","室見立華","2hoge","3","4","5"
"257","室見立華","2hoge","3","4","5"
"258","室見立華","2hoge","3","4","5"
"259","室見立華","2hoge","3","4","5"
"260","室見立華","2hoge","3","4","5"
"261","室見立華","2hoge","3","4","5"
"262","室見立華","2hoge","3","4","5"
"263","室見立華","2hoge","3","4","5"
"264","室見立華","2hoge","3","4","5"
"265","室見立華","2hoge","3","4","5"
"266","室見立華","2hoge","3","4","5"
"267","室見立華","2hoge","3","4","5"
"268","室見立華","2hoge","3","4","5"
"269","室見立華","2hoge","3","4","5"
"270","室見立華","2hoge","3","4","5"
"271","室見立華","2hoge","3","4","5"
"272","室見立華","2hoge","3","4","5"
"273","室見立華","2hoge","3","4","5"
"274","室見立華","2hoge","3","4","5"
"275","室見立華","2hoge","3","4","5"
"276","室見立華","2hoge","3","4","5"
"277","室見立華","2hoge","3","4","5"
"278","室見立華","2hoge","3","4","5"
"279","室見立華","2hoge","3","4","5"
"280","室見立華","2hoge","3","4","5"
"281","室見立華","2hoge","3","4","5"
"282","室見立華","2hoge","3","4","5"
"283","室見立華","2hoge","3","4","5"
"284","室見立華","2hoge","3","4","5"
"1","ab","cd","ef","gh","ij"
"2","1","2","3","4","fuga5"
"3","1","2hoge","3","4","5"
"4","1","2hoge","32hoge","4","5"
"5","1","2hoge","3","這い寄れニャル子さん","5"
"6","室見立華","2hoge","3","4","5"
"7","ab","cd","ef","gh","ij"
"8","1","2","3","4","fuga5"
"9","1","2hoge","3","4","5"
"10","1","2hoge","32hoge","4","5"
"11","1","2hoge","3","這い寄れニャル子さん","5"
"12","室見立華","2hoge","3","4","5"
"13","ab","cd","ef","gh","ij"
"14","1","2","3","4","fuga5"
"15","1","2hoge","3","4","5"
"16","1","2hoge","32hoge","4","5"
"17","1","2hoge","3","這い寄れニャル子さん","5"
"18","室見立華","2hoge","3","4","5"
"19","ab","cd","ef","gh","ij"
"20","1","2","3","4","fuga5"
"21","1","2hoge","3","4","5"
"22","1","2hoge","32hoge","4","5"
"23","1","2hoge","3","這い寄れニャル子さん","5"
"24","室見立華","2hoge","3","4","5"
"25","ab","cd","ef","gh","ij"
"26","1","2","3","4","fuga5"
"27","1","2hoge","3","4","5"
"28","1","2hoge","32hoge","4","5"
"29","1","2hoge","3","這い寄れニャル子さん","5"
"30","室見立華","2hoge","3","4","5"
"31","ab","cd","ef","gh","ij"
"32","1","2","3","4","fuga5"
"33","1","2hoge","3","4","5"
"34","1","2hoge","32hoge","4","5"
"35","1","2hoge","3","這い寄れニャル子さん","5"
"36","室見立華","2hoge","3","4","5"
"37","ab","cd","ef","gh","ij"
"38","1","2","3","4","fuga5"
"39","1","2hoge","3","4","5"
"40","1","2hoge","32hoge","4","5"
"41","1","2hoge","3","這い寄れニャル子さん","5"
"42","室見立華","2hoge","3","4","5"
"43","ab","cd","ef","gh","ij"
"44","1","2","3","4","fuga5"
"45","1","2hoge","3","4","5"
"46","1","2hoge","32hoge","4","5"
"47","1","2hoge","3","這い寄れニャル子さん","5"
"48","室見立華","2hoge","3","4","5"
"49","ab","cd","ef","gh","ij"
"50","1","2","3","4","fuga5"
"51","1","2hoge","3","4","5"
"52","1","2hoge","32hoge","4","5"
"53","1","2hoge","3","這い寄れニャル子さん","5"
"54","室見立華","2hoge","3","4","5"
"55","ab","cd","ef","gh","ij"
"56","1","2","3","4","fuga5"
"57","1","2hoge","3","4","5"
"58","1","2hoge","32hoge","4","5"
"59","1","2hoge","3","這い寄れニャル子さん","5"
"60","室見立華","2hoge","3","4","5"
"61","ab","cd","ef","gh","ij"
"62","1","2","3","4","fuga5"
"63","1","2hoge","3","4","5"
"64","1","2hoge","32hoge","4","5"
"65","1","2hoge","3","這い寄れニャル子さん","5"
"66","室見立華","2hoge","3","4","5"
"67","ab","cd","ef","gh","ij"
"68","1","2","3","4","fuga5"
"69","1","2hoge","3","4","5"
"70","1","2hoge","32hoge","4","5"
"71","1","2hoge","3","這い寄れニャル子さん","5"
"72","室見立華","2hoge","3","4","5"
"73","ab","cd","ef","gh","ij"
"74","1","2","3","4","fuga5"
"75","1","2hoge","3","4","5"
"76","1","2hoge","32hoge","4","5"
"77","1","2hoge","3","這い寄れニャル子さん","5"
"78","室見立華","2hoge","3","4","5"
"79","ab","cd","ef","gh","ij"
"80","1","2","3","4","fuga5"
"81","1","2hoge","3","4","5"
"82","1","2hoge","32hoge","4","5"
"83","1","2hoge","3","這い寄れニャル子さん","5"
"84","室見立華","2hoge","3","4","5"
"85","ab","cd","ef","gh","ij"
"86","1","2","3","4","fuga5"
"87","1","2hoge","3","4","5"
"88","1","2hoge","32hoge","4","5"
"89","1","2hoge","3","這い寄れニャル子さん","5"
"90","室見立華","2hoge","3","4","5"
"91","ab","cd","ef","gh","ij"
"92","1","2","3","4","fuga5"
"93","1","2hoge","3","4","5"
"94","1","2hoge","32hoge","4","5"
"95","1","2hoge","3","這い寄れニャル子さん","5"
"96","室見立華","2hoge","3","4","5"
"97","ab","cd","ef","gh","ij"
"98","1","2","3","4","fuga5"
"99","1","2hoge","3","4","5"
"100","1","2hoge","32hoge","4","5"
"101","1","2hoge","3","這い寄れニャル子さん","5"
"102","室見立華","2hoge","3","4","5"
"103","ab","cd","ef","gh","ij"
"104","1","2","3","4","fuga5"
"105","1","2hoge","3","4","5"
"106","1","2hoge","32hoge","4","5"
"107","1","2hoge","3","這い寄れニャル子さん","5"
"108","室見立華","2hoge","3","4","5"
"109","ab","cd","ef","gh","ij"
"110","1","2","3","4","fuga5"
"111","1","2hoge","3","4","5"
"112","1","2hoge","32hoge","4","5"
"113","1","2hoge","3","這い寄れニャル子さん","5"
"114","室見立華","2hoge","3","4","5"
"115","ab","cd","ef","gh","ij"
"116","1","2","3","4","fuga5"
"117","1","2hoge","3","4","5"
"118","1","2hoge","32hoge","4","5"
"119","1","2hoge","3","這い寄れニャル子さん","5"
"120","室見立華","2hoge","3","4","5"
"121","ab","cd","ef","gh","ij"
"122","1","2","3","4","fuga5"
"123","1","2hoge","3","4","5"
"124","1","2hoge","32hoge","4","5"
"125","1","2hoge","3","這い寄れニャル子さん","5"
"126","室見立華","2hoge","3","4","5"
"127","ab","cd","ef","gh","ij"
"128","1","2","3","4","fuga5"
"129","1","2hoge","3","4","5"
"130","1","2hoge","32hoge","4","5"
"131","1","2hoge","3","這い寄れニャル子さん","5"
"132","室見立華","2hoge","3","4","5"
"133","ab","cd","ef","gh","ij"
"134","1","2","3","4","fuga5"
"135","1","2hoge","3","4","5"
"136","1","2hoge","32hoge","4","5"
"137","1","2hoge","3","這い寄れニャル子さん","5"
"138","室見立華","2hoge","3","4","5"
"139","ab","cd","ef","gh","ij"
"140","1","2","3","4","fuga5"
"141","1","2hoge","3","4","5"
"142","1","2hoge","32hoge","4","5"
"143","1","2hoge","3","這い寄れニャル子さん","5"
"144","室見立華","2hoge","3","4","5"
"145","ab","cd","ef","gh","ij"
"146","1","2","3","4","fuga5"
"147","1","2hoge","3","4","5"
"148","1","2hoge","32hoge","4","5"
"149","1","2hoge","3","這い寄れニャル子さん","5"
"150","室見立華","2hoge","3","4","5"
"151","ab","cd","ef","gh","ij"
"152","1","2","3","4","fuga5"
"153","1","2hoge","3","4","5"
"154","1","2hoge","32hoge","4","5"
"155","1","2hoge","3","這い寄れニャル子さん","5"
"156","室見立華","2hoge","3","4","5"
"157","ab","cd","ef","gh","ij"
"158","1","2","3","4","fuga5"
"159","1","2hoge","3","4","5"
"160","1","2hoge","32hoge","4","5"
"161","1","2hoge","3","這い寄れニャル子さん","5"
"162","室見立華","2hoge","3","4","5"
"163","ab","cd","ef","gh","ij"
"164","1","2","3","4","fuga5"
"165","1","2hoge","3","4","5"
"166","1","2hoge","32hoge","4","5"
"167","1","2hoge","3","這い寄れニャル子さん","5"
"168","室見立華","2hoge","3","4","5"
"169","ab","cd","ef","gh","ij"
"170","1","2","3","4","fuga5"
"171","1","2hoge","3","4","5"
"172","1","2hoge","32hoge","4","5"
"173","1","2hoge","3","這い寄れニャル子さん","5"
"174","室見立華","2hoge","3","4","5"
"175","ab","cd","ef","gh","ij"
"176","1","2","3","4","fuga5"
"177","1","2hoge","3","4","5"
"178","1","2hoge","32hoge","4","5"
"179","1","2hoge","3","這い寄れニャル子さん","5"
"180","室見立華","2hoge","3","4","5"
"181","ab","cd","ef","gh","ij"
"182","1","2","3","4","fuga5"
"183","1","2hoge","3","4","5"
"184","1","2hoge","32hoge","4","5"
"185","1","2hoge","3","這い寄れニャル子さん","5"
"186","室見立華","2hoge","3","4","5"
"187","ab","cd","ef","gh","ij"
"188","1","2","3","4","fuga5"
"189","1","2hoge","3","4","5"
"190","1","2hoge","32hoge","4","5"
"191","1","2hoge","3","這い寄れニャル子さん","5"
"192","室見立華","2hoge","3","4","5"
"193","ab","cd","ef","gh","ij"
"194","1","2","3","4","fuga5"
"195","1","2hoge","3","4","5"
"196","1","2hoge","32hoge","4","5"
"197","1","2hoge","3","這い寄れニャル子さん","5"
"198","室見立華","2hoge","3","4","5"
"199","ab","cd","ef","gh","ij"
"200","1","2","3","4","fuga5"
"201","1","2hoge","3","4","5"
"202","1","2hoge","32hoge","4","5"
"203","1","2hoge","3","這い寄れニャル子さん","5"
"204","室見立華","2hoge","3","4","5"
"205","ab","cd","ef","gh","ij"
"206","1","2","3","4","fuga5"
"207","1","2hoge","3","4","5"
"208","1","2hoge","32hoge","4","5"
"209","1","2hoge","3","這い寄れニャル子さん","5"
"210","室見立華","2hoge","3","4","5"
"211","ab","cd","ef","gh","ij"
"212","1","2","3","4","fuga5"
"213","1","2hoge","3","4","5"
"214","1","2hoge","32hoge","4","5"
"215","1","2hoge","3","這い寄れニャル子さん","5"
"216","室見立華","2hoge","3","4","5"
"217","室見立華","2hoge","3","4","5"
"218","室見立華","2hoge","3","4","5"
"219","室見立華","2hoge","3","4","5"
"220","室見立華","2hoge","3","4","5"
"221","室見立華","2hoge","3","4","5"
"222","室見立華","2hoge","3","4","5"
"223","室見立華","2hoge","3","4","5"
"224","室見立華","2hoge","3","4","5"
"225","室見立華","2hoge","3","4","5"
"226","室見立華","2hoge","3","4","5"
"227","室見立華","2hoge","3","4","5"
"228","室見立華","2hoge","3","4","5"
"229","室見立華","2hoge","3","4","5"
"230","室見立華","2hoge","3","4","5"
"231","室見立華","2hoge","3","4","5"
"232","室見立華","2hoge","3","4","5"
"233","室見立華","2hoge","3","4","5"
"234","室見立華","2hoge","3","4","5"
"235","室見立華","2hoge","3","4","5"
"236","室見立華","2hoge","3","4","5"
"237","室見立華","2hoge","3","4","5"
"238","室見立華","2hoge","3","4","5"
"239","室見立華","2hoge","3","4","5"
"240","室見立華","2hoge","3","4","5"
"241","室見立華","2hoge","3","4","5"
"242","室見立華","2hoge","3","4","5"
"243","室見立華","2hoge","3","4","5"
"244","室見立華","2hoge","3","4","5"
"245","室見立華","2hoge","3","4","5"
"246","室見立華","2hoge","3","4","5"
"247","室見立華","2hoge","3","4","5"
"248","室見立華","2hoge","3","4","5"
"249","室見立華","2hoge","3","4","5"
"250","室見立華","2hoge","3","4","5"
"251","室見立華","2hoge","3","4","5"
"252","室見立華","2hoge","3","4","5"
"253","室見立華","2hoge","3","4","5"
"254","室見立華","2hoge","3","4","5"
"255","室見立華","2hoge","3","4","5"
"256","室見立華","2hoge","3","4","5"
"257","室見立華","2hoge","3","4","5"
"258","室見立華","2hoge","3","4","5"
"259","室見立華","2hoge","3","4","5"
"260","室見立華","2hoge","3","4","5"
"261","室見立華","2hoge","3","4","5"
"262","室見立華","2hoge","3","4","5"
"263","室見立華","2hoge","3","4","5"
"264","室見立華","2hoge","3","4","5"
"265","室見立華","2hoge","3","4","5"
"266","室見立華","2hoge","3","4","5"
"267","室見立華","2hoge","3","4","5"
"268","室見立華","2hoge","3","4","5"
"269","室見立華","2hoge","3","4","5"
"270","室見立華","2hoge","3","4","5"
"271","室見立華","2hoge","3","4","5"
"272","室見立華","2hoge","3","4","5"
"273","室見立華","2hoge","3","4","5"
"274","室見立華","2hoge","3","4","5"
"275","室見立華","2hoge","3","4","5"
"276","室見立華","2hoge","3","4","5"
"277","室見立華","2hoge","3","4","5"
"278","室見立華","2hoge","3","4","5"
"279","室見立華","2hoge","3","4","5"
"280","室見立華","2hoge","3","4","5"
"281","室見立華","2hoge","3","4","5"
"282","室見立華","2hoge","3","4","5"
"283","室見立華","2hoge","3","4","5"
"284","室見立華","2hoge","3","4","5"
"1","ab","cd","ef","gh","ij"
"2","1","2","3","4","fuga5"
"3","1","2hoge","3","4","5"
"4","1","2hoge","32hoge","4","5"
"5","1","2hoge","3","這い寄れニャル子さん","5"
"6","室見立華","2hoge","3","4","5"
"7","ab","cd","ef","gh","ij"
"8","1","2","3","4","fuga5"
"9","1","2hoge","3","4","5"
"10","1","2hoge","32hoge","4","5"
"11","1","2hoge","3","這い寄れニャル子さん","5"
"12","室見立華","2hoge","3","4","5"
"13","ab","cd","ef","gh","ij"
"14","1","2","3","4","fuga5"
"15","1","2hoge","3","4","5"
"16","1","2hoge","32hoge","4","5"
"17","1","2hoge","3","這い寄れニャル子さん","5"
"18","室見立華","2hoge","3","4","5"
"19","ab","cd","ef","gh","ij"
"20","1","2","3","4","fuga5"
"21","1","2hoge","3","4","5"
"22","1","2hoge","32hoge","4","5"
"23","1","2hoge","3","這い寄れニャル子さん","5"
"24","室見立華","2hoge","3","4","5"
"25","ab","cd","ef","gh","ij"
"26","1","2","3","4","fuga5"
"27","1","2hoge","3","4","5"
"28","1","2hoge","32hoge","4","5"
"29","1","2hoge","3","這い寄れニャル子さん","5"
"30","室見立華","2hoge","3","4","5"
"31","ab","cd","ef","gh","ij"
"32","1","2","3","4","fuga5"
"33","1","2hoge","3","4","5"
"34","1","2hoge","32hoge","4","5"
"35","1","2hoge","3","這い寄れニャル子さん","5"
"36","室見立華","2hoge","3","4","5"
"37","ab","cd","ef","gh","ij"
"38","1","2","3","4","fuga5"
"39","1","2hoge","3","4","5"
"40","1","2hoge","32hoge","4","5"
"41","1","2hoge","3","這い寄れニャル子さん","5"
"42","室見立華","2hoge","3","4","5"
"43","ab","cd","ef","gh","ij"
"44","1","2","3","4","fuga5"
"45","1","2hoge","3","4","5"
"46","1","2hoge","32hoge","4","5"
"47","1","2hoge","3","這い寄れニャル子さん","5"
"48","室見立華","2hoge","3","4","5"
"49","ab","cd","ef","gh","ij"
"50","1","2","3","4","fuga5"
"51","1","2hoge","3","4","5"
"52","1","2hoge","32hoge","4","5"
"53","1","2hoge","3","這い寄れニャル子さん","5"
"54","室見立華","2hoge","3","4","5"
"55","ab","cd","ef","gh","ij"
"56","1","2","3","4","fuga5"
"57","1","2hoge","3","4","5"
"58","1","2hoge","32hoge","4","5"
"59","1","2hoge","3","這い寄れニャル子さん","5"
"60","室見立華","2hoge","3","4","5"
"61","ab","cd","ef","gh","ij"
"62","1","2","3","4","fuga5"
"63","1","2hoge","3","4","5"
"64","1","2hoge","32hoge","4","5"
"65","1","2hoge","3","這い寄れニャル子さん","5"
"66","室見立華","2hoge","3","4","5"
"67","ab","cd","ef","gh","ij"
"68","1","2","3","4","fuga5"
"69","1","2hoge","3","4","5"
"70","1","2hoge","32hoge","4","5"
"71","1","2hoge","3","這い寄れニャル子さん","5"
"72","室見立華","2hoge","3","4","5"
"73","ab","cd","ef","gh","ij"
"74","1","2","3","4","fuga5"
"75","1","2hoge","3","4","5"
"76","1","2hoge","32hoge","4","5"
"77","1","2hoge","3","這い寄れニャル子さん","5"
"78","室見立華","2hoge","3","4","5"
"79","ab","cd","ef","gh","ij"
"80","1","2","3","4","fuga5"
"81","1","2hoge","3","4","5"
"82","1","2hoge","32hoge","4","5"
"83","1","2hoge","3","這い寄れニャル子さん","5"
"84","室見立華","2hoge","3","4","5"
"85","ab","cd","ef","gh","ij"
"86","1","2","3","4","fuga5"
"87","1","2hoge","3","4","5"
"88","1","2hoge","32hoge","4","5"
"89","1","2hoge","3","這い寄れニャル子さん","5"
"90","室見立華","2hoge","3","4","5"
"91","ab","cd","ef","gh","ij"
"92","1","2","3","4","fuga5"
"93","1","2hoge","3","4","5"
"94","1","2hoge","32hoge","4","5"
"95","1","2hoge","3","這い寄れニャル子さん","5"
"96","室見立華","2hoge","3","4","5"
"97","ab","cd","ef","gh","ij"
"98","1","2","3","4","fuga5"
"99","1","2hoge","3","4","5"
"100","1","2hoge","32hoge","4","5"
"101","1","2hoge","3","這い寄れニャル子さん","5"
"102","室見立華","2hoge","3","4","5"
"103","ab","cd","ef","gh","ij"
"104","1","2","3","4","fuga5"
"105","1","2hoge","3","4","5"
"106","1","2hoge","32hoge","4","5"
"107","1","2hoge","3","這い寄れニャル子さん","5"
"108","室見立華","2hoge","3","4","5"
"109","ab","cd","ef","gh","ij"
"110","1","2","3","4","fuga5"
"111","1","2hoge","3","4","5"
"112","1","2hoge","32hoge","4","5"
"113","1","2hoge","3","這い寄れニャル子さん","5"
"114","室見立華","2hoge","3","4","5"
"115","ab","cd","ef","gh","ij"
"116","1","2","3","4","fuga5"
"117","1","2hoge","3","4","5"
"118","1","2hoge","32hoge","4","5"
"119","1","2hoge","3","這い寄れニャル子さん","5"
"120","室見立華","2hoge","3","4","5"
"121","ab","cd","ef","gh","ij"
"122","1","2","3","4","fuga5"
"123","1","2hoge","3","4","5"
"124","1","2hoge","32hoge","4","5"
"125","1","2hoge","3","這い寄れニャル子さん","5"
"126","室見立華","2hoge","3","4","5"
"127","ab","cd","ef","gh","ij"
"128","1","2","3","4","fuga5"
"129","1","2hoge","3","4","5"
"130","1","2hoge","32hoge","4","5"
"131","1","2hoge","3","這い寄れニャル子さん","5"
"132","室見立華","2hoge","3","4","5"
"133","ab","cd","ef","gh","ij"
"134","1","2","3","4","fuga5"
"135","1","2hoge","3","4","5"
"136","1","2hoge","32hoge","4","5"
"137","1","2hoge","3","這い寄れニャル子さん","5"
"138","室見立華","2hoge","3","4","5"
"139","ab","cd","ef","gh","ij"
"140","1","2","3","4","fuga5"
"141","1","2hoge","3","4","5"
"142","1","2hoge","32hoge","4","5"
"143","1","2hoge","3","這い寄れニャル子さん","5"
"144","室見立華","2hoge","3","4","5"
"145","ab","cd","ef","gh","ij"
"146","1","2","3","4","fuga5"
"147","1","2hoge","3","4","5"
"148","1","2hoge","32hoge","4","5"
"149","1","2hoge","3","這い寄れニャル子さん","5"
"150","室見立華","2hoge","3","4","5"
"151","ab","cd","ef","gh","ij"
"152","1","2","3","4","fuga5"
"153","1","2hoge","3","4","5"
"154","1","2hoge","32hoge","4","5"
"155","1","2hoge","3","這い寄れニャル子さん","5"
"156","室見立華","2hoge","3","4","5"
"157","ab","cd","ef","gh","ij"
"158","1","2","3","4","fuga5"
"159","1","2hoge","3","4","5"
"160","1","2hoge","32hoge","4","5"
"161","1","2hoge","3","這い寄れニャル子さん","5"
"162","室見立華","2hoge","3","4","5"
"163","ab","cd","ef","gh","ij"
"164","1","2","3","4","fuga5"
"165","1","2hoge","3","4","5"
"166","1","2hoge","32hoge","4","5"
"167","1","2hoge","3","這い寄れニャル子さん","5"
"168","室見立華","2hoge","3","4","5"
"169","ab","cd","ef","gh","ij"
"170","1","2","3","4","fuga5"
"171","1","2hoge","3","4","5"
"172","1","2hoge","32hoge","4","5"
"173","1","2hoge","3","這い寄れニャル子さん","5"
"174","室見立華","2hoge","3","4","5"
"175","ab","cd","ef","gh","ij"
"176","1","2","3","4","fuga5"
"177","1","2hoge","3","4","5"
"178","1","2hoge","32hoge","4","5"
"179","1","2hoge","3","這い寄れニャル子さん","5"
"180","室見立華","2hoge","3","4","5"
"181","ab","cd","ef","gh","ij"
"182","1","2","3","4","fuga5"
"183","1","2hoge","3","4","5"
"184","1","2hoge","32hoge","4","5"
"185","1","2hoge","3","這い寄れニャル子さん","5"
"186","室見立華","2hoge","3","4","5"
"187","ab","cd","ef","gh","ij"
"188","1","2","3","4","fuga5"
"189","1","2hoge","3","4","5"
"190","1","2hoge","32hoge","4","5"
"191","1","2hoge","3","這い寄れニャル子さん","5"
"192","室見立華","2hoge","3","4","5"
"193","ab","cd","ef","gh","ij"
"194","1","2","3","4","fuga5"
"195","1","2hoge","3","4","5"
"196","1","2hoge","32hoge","4","5"
"197","1","2hoge","3","這い寄れニャル子さん","5"
"198","室見立華","2hoge","3","4","5"
"199","ab","cd","ef","gh","ij"
"200","1","2","3","4","fuga5"
"201","1","2hoge","3","4","5"
"202","1","2hoge","32hoge","4","5"
"203","1","2hoge","3","這い寄れニャル子さん","5"
"204","室見立華","2hoge","3","4","5"
"205","ab","cd","ef","gh","ij"
"206","1","2","3","4","fuga5"
"207","1","2hoge","3","4","5"
"208","1","2hoge","32hoge","4","5"
"209","1","2hoge","3","這い寄れニャル子さん","5"
"210","室見立華","2hoge","3","4","5"
"211","ab","cd","ef","gh","ij"
"212","1","2","3","4","fuga5"
"213","1","2hoge","3","4","5"
"214","1","2hoge","32hoge","4","5"
"215","1","2hoge","3","這い寄れニャル子さん","5"
"216","室見立華","2hoge","3","4","5"
"217","室見立華","2hoge","3","4","5"
"218","室見立華","2hoge","3","4","5"
"219","室見立華","2hoge","3","4","5"
"220","室見立華","2hoge","3","4","5"
"221","室見立華","2hoge","3","4","5"
"222","室見立華","2hoge","3","4","5"
"223","室見立華","2hoge","3","4","5"
"224","室見立華","2hoge","3","4","5"
"225","室見立華","2hoge","3","4","5"
"226","室見立華","2hoge","3","4","5"
"227","室見立華","2hoge","3","4","5"
"228","室見立華","2hoge","3","4","5"
"229","室見立華","2hoge","3","4","5"
"230","室見立華","2hoge","3","4","5"
"231","室見立華","2hoge","3","4","5"
"232","室見立華","2hoge","3","4","5"
"233","室見立華","2hoge","3","4","5"
"234","室見立華","2hoge","3","4","5"
"235","室見立華","2hoge","3","4","5"
"236","室見立華","2hoge","3","4","5"
"237","室見立華","2hoge","3","4","5"
"238","室見立華","2hoge","3","4","5"
"239","室見立華","2hoge","3","4","5"
"240","室見立華","2hoge","3","4","5"
"241","室見立華","2hoge","3","4","5"
"242","室見立華","2hoge","3","4","5"
"243","室見立華","2hoge","3","4","5"
"244","室見立華","2hoge","3","4","5"
"245","室見立華","2hoge","3","4","5"
"246","室見立華","2hoge","3","4","5"
"247","室見立華","2hoge","3","4","5"
"248","室見立華","2hoge","3","4","5"
"249","室見立華","2hoge","3","4","5"
"250","室見立華","2hoge","3","4","5"
"251","室見立華","2hoge","3","4","5"
"252","室見立華","2hoge","3","4","5"
"253","室見立華","2hoge","3","4","5"
"254","室見立華","2hoge","3","4","5"
"255","室見立華","2hoge","3","4","5"
"256","室見立華","2hoge","3","4","5"
"257","室見立華","2hoge","3","4","5"
"258","室見立華","2hoge","3","4","5"
"259","室見立華","2hoge","3","4","5"
"260","室見立華","2hoge","3","4","5"
"261","室見立華","2hoge","3","4","5"
"262","室見立華","2hoge","3","4","5"
"263","室見立華","2hoge","3","4","5"
"264","室見立華","2hoge","3","4","5"
"265","室見立華","2hoge","3","4","5"
"266","室見立華","2hoge","3","4","5"
"267","室見立華","2hoge","3","4","5"
"268","室見立華","2hoge","3","4","5"
"269","室見立華","2hoge","3","4","5"
"270","室見立華","2hoge","3","4","5"
"271","室見立華","2hoge","3","4","5"
"272","室見立華","2hoge","3","4","5"
"273","室見立華","2hoge","3","4","5"
"274","室見立華","2hoge","3","4","5"
"275","室見立華","2hoge","3","4","5"
"276","室見立華","2hoge","3","4","5"
"277","室見立華","2hoge","3","4","5"
"278","室見立華","2hoge","3","4","5"
"279","室見立華","2hoge","3","4","5"
"280","室見立華","2hoge","3","4","5"
"281","室見立華","2hoge","3","4","5"
"282","室見立華","2hoge","3","4","5"
"283","室見立華","2hoge","3","4","5"
"284","室見立華","2hoge","3","4","5"
"1","ab","cd","ef","gh","ij"
"2","1","2","3","4","fuga5"
"3","1","2hoge","3","4","5"
"4","1","2hoge","32hoge","4","5"
"5","1","2hoge","3","這い寄れニャル子さん","5"
"6","室見立華","2hoge","3","4","5"
"7","ab","cd","ef","gh","ij"
"8","1","2","3","4","fuga5"
"9","1","2hoge","3","4","5"
"10","1","2hoge","32hoge","4","5"
"11","1","2hoge","3","這い寄れニャル子さん","5"
"12","室見立華","2hoge","3","4","5"
"13","ab","cd","ef","gh","ij"
"14","1","2","3","4","fuga5"
"15","1","2hoge","3","4","5"
"16","1","2hoge","32hoge","4","5"
"17","1","2hoge","3","這い寄れニャル子さん","5"
"18","室見立華","2hoge","3","4","5"
"19","ab","cd","ef","gh","ij"
"20","1","2","3","4","fuga5"
"21","1","2hoge","3","4","5"
"22","1","2hoge","32hoge","4","5"
"23","1","2hoge","3","這い寄れニャル子さん","5"
"24","室見立華","2hoge","3","4","5"
"25","ab","cd","ef","gh","ij"
"26","1","2","3","4","fuga5"
"27","1","2hoge","3","4","5"
"28","1","2hoge","32hoge","4","5"
"29","1","2hoge","3","這い寄れニャル子さん","5"
"30","室見立華","2hoge","3","4","5"
"31","ab","cd","ef","gh","ij"
"32","1","2","3","4","fuga5"
"33","1","2hoge","3","4","5"
"34","1","2hoge","32hoge","4","5"
"35","1","2hoge","3","這い寄れニャル子さん","5"
"36","室見立華","2hoge","3","4","5"
"37","ab","cd","ef","gh","ij"
"38","1","2","3","4","fuga5"
"39","1","2hoge","3","4","5"
"40","1","2hoge","32hoge","4","5"
"41","1","2hoge","3","這い寄れニャル子さん","5"
"42","室見立華","2hoge","3","4","5"
"43","ab","cd","ef","gh","ij"
"44","1","2","3","4","fuga5"
"45","1","2hoge","3","4","5"
"46","1","2hoge","32hoge","4","5"
"47","1","2hoge","3","這い寄れニャル子さん","5"
"48","室見立華","2hoge","3","4","5"
"49","ab","cd","ef","gh","ij"
"50","1","2","3","4","fuga5"
"51","1","2hoge","3","4","5"
"52","1","2hoge","32hoge","4","5"
"53","1","2hoge","3","這い寄れニャル子さん","5"
"54","室見立華","2hoge","3","4","5"
"55","ab","cd","ef","gh","ij"
"56","1","2","3","4","fuga5"
"57","1","2hoge","3","4","5"
"58","1","2hoge","32hoge","4","5"
"59","1","2hoge","3","這い寄れニャル子さん","5"
"60","室見立華","2hoge","3","4","5"
"61","ab","cd","ef","gh","ij"
"62","1","2","3","4","fuga5"
"63","1","2hoge","3","4","5"
"64","1","2hoge","32hoge","4","5"
"65","1","2hoge","3","這い寄れニャル子さん","5"
"66","室見立華","2hoge","3","4","5"
"67","ab","cd","ef","gh","ij"
"68","1","2","3","4","fuga5"
"69","1","2hoge","3","4","5"
"70","1","2hoge","32hoge","4","5"
"71","1","2hoge","3","這い寄れニャル子さん","5"
"72","室見立華","2hoge","3","4","5"
"73","ab","cd","ef","gh","ij"
"74","1","2","3","4","fuga5"
"75","1","2hoge","3","4","5"
"76","1","2hoge","32hoge","4","5"
"77","1","2hoge","3","這い寄れニャル子さん","5"
"78","室見立華","2hoge","3","4","5"
"79","ab","cd","ef","gh","ij"
"80","1","2","3","4","fuga5"
"81","1","2hoge","3","4","5"
"82","1","2hoge","32hoge","4","5"
"83","1","2hoge","3","這い寄れニャル子さん","5"
"84","室見立華","2hoge","3","4","5"
"85","ab","cd","ef","gh","ij"
"86","1","2","3","4","fuga5"
"87","1","2hoge","3","4","5"
"88","1","2hoge","32hoge","4","5"
"89","1","2hoge","3","這い寄れニャル子さん","5"
"90","室見立華","2hoge","3","4","5"
"91","ab","cd","ef","gh","ij"
"92","1","2","3","4","fuga5"
"93","1","2hoge","3","4","5"
"94","1","2hoge","32hoge","4","5"
"95","1","2hoge","3","這い寄れニャル子さん","5"
"96","室見立華","2hoge","3","4","5"
"97","ab","cd","ef","gh","ij"
"98","1","2","3","4","fuga5"
"99","1","2hoge","3","4","5"
"100","1","2hoge","32hoge","4","5"
"101","1","2hoge","3","這い寄れニャル子さん","5"
"102","室見立華","2hoge","3","4","5"
"103","ab","cd","ef","gh","ij"
"104","1","2","3","4","fuga5"
"105","1","2hoge","3","4","5"
"106","1","2hoge","32hoge","4","5"
"107","1","2hoge","3","這い寄れニャル子さん","5"
"108","室見立華","2hoge","3","4","5"
"109","ab","cd","ef","gh","ij"
"110","1","2","3","4","fuga5"
"111","1","2hoge","3","4","5"
"112","1","2hoge","32hoge","4","5"
"113","1","2hoge","3","這い寄れニャル子さん","5"
"114","室見立華","2hoge","3","4","5"
"115","ab","cd","ef","gh","ij"
"116","1","2","3","4","fuga5"
"117","1","2hoge","3","4","5"
"118","1","2hoge","32hoge","4","5"
"119","1","2hoge","3","這い寄れニャル子さん","5"
"120","室見立華","2hoge","3","4","5"
"121","ab","cd","ef","gh","ij"
"122","1","2","3","4","fuga5"
"123","1","2hoge","3","4","5"
"124","1","2hoge","32hoge","4","5"
"125","1","2hoge","3","這い寄れニャル子さん","5"
"126","室見立華","2hoge","3","4","5"
"127","ab","cd","ef","gh","ij"
"128","1","2","3","4","fuga5"
"129","1","2hoge","3","4","5"
"130","1","2hoge","32hoge","4","5"
"131","1","2hoge","3","這い寄れニャル子さん","5"
"132","室見立華","2hoge","3","4","5"
"133","ab","cd","ef","gh","ij"
"134","1","2","3","4","fuga5"
"135","1","2hoge","3","4","5"
"136","1","2hoge","32hoge","4","5"
"137","1","2hoge","3","這い寄れニャル子さん","5"
"138","室見立華","2hoge","3","4","5"
"139","ab","cd","ef","gh","ij"
"140","1","2","3","4","fuga5"
"141","1","2hoge","3","4","5"
"142","1","2hoge","32hoge","4","5"
"143","1","2hoge","3","這い寄れニャル子さん","5"
"144","室見立華","2hoge","3","4","5"
"145","ab","cd","ef","gh","ij"
"146","1","2","3","4","fuga5"
"147","1","2hoge","3","4","5"
"148","1","2hoge","32hoge","4","5"
"149","1","2hoge","3","這い寄れニャル子さん","5"
"150","室見立華","2hoge","3","4","5"
"151","ab","cd","ef","gh","ij"
"152","1","2","3","4","fuga5"
"153","1","2hoge","3","4","5"
"154","1","2hoge","32hoge","4","5"
"155","1","2hoge","3","這い寄れニャル子さん","5"
"156","室見立華","2hoge","3","4","5"
"157","ab","cd","ef","gh","ij"
"158","1","2","3","4","fuga5"
"159","1","2hoge","3","4","5"
"160","1","2hoge","32hoge","4","5"
"161","1","2hoge","3","這い寄れニャル子さん","5"
"162","室見立華","2hoge","3","4","5"
"163","ab","cd","ef","gh","ij"
"164","1","2","3","4","fuga5"
"165","1","2hoge","3","4","5"
"166","1","2hoge","32hoge","4","5"
"167","1","2hoge","3","這い寄れニャル子さん","5"
"168","室見立華","2hoge","3","4","5"
"169","ab","cd","ef","gh","ij"
"170","1","2","3","4","fuga5"
"171","1","2hoge","3","4","5"
"172","1","2hoge","32hoge","4","5"
"173","1","2hoge","3","這い寄れニャル子さん","5"
"174","室見立華","2hoge","3","4","5"
"175","ab","cd","ef","gh","ij"
"176","1","2","3","4","fuga5"
"177","1","2hoge","3","4","5"
"178","1","2hoge","32hoge","4","5"
"179","1","2hoge","3","這い寄れニャル子さん","5"
"180","室見立華","2hoge","3","4","5"
"181","ab","cd","ef","gh","ij"
"182","1","2","3","4","fuga5"
"183","1","2hoge","3","4","5"
"184","1","2hoge","32hoge","4","5"
"185","1","2hoge","3","這い寄れニャル子さん","5"
"186","室見立華","2hoge","3","4","5"
"187","ab","cd","ef","gh","ij"
"188","1","2","3","4","fuga5"
"189","1","2hoge","3","4","5"
"190","1","2hoge","32hoge","4","5"
"191","1","2hoge","3","這い寄れニャル子さん","5"
"192","室見立華","2hoge","3","4","5"
"193","ab","cd","ef","gh","ij"
"194","1","2","3","4","fuga5"
"195","1","2hoge","3","4","5"
"196","1","2hoge","32hoge","4","5"
"197","1","2hoge","3","這い寄れニャル子さん","5"
"198","室見立華","2hoge","3","4","5"
"199","ab","cd","ef","gh","ij"
"200","1","2","3","4","fuga5"
"201","1","2hoge","3","4","5"
"202","1","2hoge","32hoge","4","5"
"203","1","2hoge","3","這い寄れニャル子さん","5"
"204","室見立華","2hoge","3","4","5"
"205","ab","cd","ef","gh","ij"
"206","1","2","3","4","fuga5"
"207","1","2hoge","3","4","5"
"208","1","2hoge","32hoge","4","5"
"209","1","2hoge","3","這い寄れニャル子さん","5"
"210","室見立華","2hoge","3","4","5"
"211","ab","cd","ef","gh","ij"
"212","1","2","3","4","fuga5"
"213","1","2hoge","3","4","5"
"214","1","2hoge","32hoge","4","5"
"215","1","2hoge","3","這い寄れニャル子さん","5"
"216","室見立華","2hoge","3","4","5"
"217","室見立華","2hoge","3","4","5"
"218","室見立華","2hoge","3","4","5"
"219","室見立華","2hoge","3","4","5"
"220","室見立華","2hoge","3","4","5"
"221","室見立華","2hoge","3","4","5"
"222","室見立華","2hoge","3","4","5"
"223","室見立華","2hoge","3","4","5"
"224","室見立華","2hoge","3","4","5"
"225","室見立華","2hoge","3","4","5"
"226","室見立華","2hoge","3","4","5"
"227","室見立華","2hoge","3","4","5"
"228","室見立華","2hoge","3","4","5"
"229","室見立華","2hoge","3","4","5"
"230","室見立華","2hoge","3","4","5"
"231","室見立華","2hoge","3","4","5"
"232","室見立華","2hoge","3","4","5"
"233","室見立華","2hoge","3","4","5"
"234","室見立華","2hoge","3","4","5"
"235","室見立華","2hoge","3","4","5"
"236","室見立華","2hoge","3","4","5"
"237","室見立華","2hoge","3","4","5"
"238","室見立華","2hoge","3","4","5"
"239","室見立華","2hoge","3","4","5"
"240","室見立華","2hoge","3","4","5"
"241","室見立華","2hoge","3","4","5"
"242","室見立華","2hoge","3","4","5"
"243","室見立華","2hoge","3","4","5"
"244","室見立華","2hoge","3","4","5"
"245","室見立華","2hoge","3","4","5"
"246","室見立華","2hoge","3","4","5"
"247","室見立華","2hoge","3","4","5"
"248","室見立華","2hoge","3","4","5"
"249","室見立華","2hoge","3","4","5"
"250","室見立華","2hoge","3","4","5"
"251","室見立華","2hoge","3","4","5"
"252","室見立華","2hoge","3","4","5"
"253","室見立華","2hoge","3","4","5"
"254","室見立華","2hoge","3","4","5"
"255","室見立華","2hoge","3","4","5"
"256","室見立華","2hoge","3","4","5"
"257","室見立華","2hoge","3","4","5"
"258","室見立華","2hoge","3","4","5"
"259","室見立華","2hoge","3","4","5"
"260","室見立華","2hoge","3","4","5"
"261","室見立華","2hoge","3","4","5"
"262","室見立華","2hoge","3","4","5"
"263","室見立華","2hoge","3","4","5"
"264","室見立華","2hoge","3","4","5"
"265","室見立華","2hoge","3","4","5"
"266","室見立華","2hoge","3","4","5"
"267","室見立華","2hoge","3","4","5"
"268","室見立華","2hoge","3","4","5"
"269","室見立華","2hoge","3","4","5"
"270","室見立華","2hoge","3","4","5"
"271","室見立華","2hoge","3","4","5"
"272","室見立華","2hoge","3","4","5"
"273","室見立華","2hoge","3","4","5"
"274","室見立華","2hoge","3","4","5"
"275","室見立華","2hoge","3","4","5"
"276","室見立華","2hoge","3","4","5"
"277","室見立華","2hoge","3","4","5"
"278","室見立華","2hoge","3","4","5"
"279","室見立華","2hoge","3","4","5"
"280","室見立華","2hoge","3","4","5"
"281","室見立華","2hoge","3","4","5"
"282","室見立華","2hoge","3","4","5"
"283","室見立華","2hoge","3","4","5"
"284","室見立華","2hoge","3","4","5"
"1","ab","cd","ef","gh","ij"
"2","1","2","3","4","fuga5"
"3","1","2hoge","3","4","5"
"4","1","2hoge","32hoge","4","5"
"5","1","2hoge","3","這い寄れニャル子さん","5"
"6","室見立華","2hoge","3","4","5"
"7","ab","cd","ef","gh","ij"
"8","1","2","3","4","fuga5"
"9","1","2hoge","3","4","5"
"10","1","2hoge","32hoge","4","5"
"11","1","2hoge","3","這い寄れニャル子さん","5"
"12","室見立華","2hoge","3","4","5"
"13","ab","cd","ef","gh","ij"
"14","1","2","3","4","fuga5"
"15","1","2hoge","3","4","5"
"16","1","2hoge","32hoge","4","5"
"17","1","2hoge","3","這い寄れニャル子さん","5"
"18","室見立華","2hoge","3","4","5"
"19","ab","cd","ef","gh","ij"
"20","1","2","3","4","fuga5"
"21","1","2hoge","3","4","5"
"22","1","2hoge","32hoge","4","5"
"23","1","2hoge","3","這い寄れニャル子さん","5"
"24","室見立華","2hoge","3","4","5"
"25","ab","cd","ef","gh","ij"
"26","1","2","3","4","fuga5"
"27","1","2hoge","3","4","5"
"28","1","2hoge","32hoge","4","5"
"29","1","2hoge","3","這い寄れニャル子さん","5"
"30","室見立華","2hoge","3","4","5"
"31","ab","cd","ef","gh","ij"
"32","1","2","3","4","fuga5"
"33","1","2hoge","3","4","5"
"34","1","2hoge","32hoge","4","5"
"35","1","2hoge","3","這い寄れニャル子さん","5"
"36","室見立華","2hoge","3","4","5"
"37","ab","cd","ef","gh","ij"
"38","1","2","3","4","fuga5"
"39","1","2hoge","3","4","5"
"40","1","2hoge","32hoge","4","5"
"41","1","2hoge","3","這い寄れニャル子さん","5"
"42","室見立華","2hoge","3","4","5"
"43","ab","cd","ef","gh","ij"
"44","1","2","3","4","fuga5"
"45","1","2hoge","3","4","5"
"46","1","2hoge","32hoge","4","5"
"47","1","2hoge","3","這い寄れニャル子さん","5"
"48","室見立華","2hoge","3","4","5"
"49","ab","cd","ef","gh","ij"
"50","1","2","3","4","fuga5"
"51","1","2hoge","3","4","5"
"52","1","2hoge","32hoge","4","5"
"53","1","2hoge","3","這い寄れニャル子さん","5"
"54","室見立華","2hoge","3","4","5"
"55","ab","cd","ef","gh","ij"
"56","1","2","3","4","fuga5"
"57","1","2hoge","3","4","5"
"58","1","2hoge","32hoge","4","5"
"59","1","2hoge","3","這い寄れニャル子さん","5"
"60","室見立華","2hoge","3","4","5"
"61","ab","cd","ef","gh","ij"
"62","1","2","3","4","fuga5"
"63","1","2hoge","3","4","5"
"64","1","2hoge","32hoge","4","5"
"65","1","2hoge","3","這い寄れニャル子さん","5"
"66","室見立華","2hoge","3","4","5"
"67","ab","cd","ef","gh","ij"
"68","1","2","3","4","fuga5"
"69","1","2hoge","3","4","5"
"70","1","2hoge","32hoge","4","5"
"71","1","2hoge","3","這い寄れニャル子さん","5"
"72","室見立華","2hoge","3","4","5"
"73","ab","cd","ef","gh","ij"
"74","1","2","3","4","fuga5"
"75","1","2hoge","3","4","5"
"76","1","2hoge","32hoge","4","5"
"77","1","2hoge","3","這い寄れニャル子さん","5"
"78","室見立華","2hoge","3","4","5"
"79","ab","cd","ef","gh","ij"
"80","1","2","3","4","fuga5"
"81","1","2hoge","3","4","5"
"82","1","2hoge","32hoge","4","5"
"83","1","2hoge","3","這い寄れニャル子さん","5"
"84","室見立華","2hoge","3","4","5"
"85","ab","cd","ef","gh","ij"
"86","1","2","3","4","fuga5"
"87","1","2hoge","3","4","5"
"88","1","2hoge","32hoge","4","5"
"89","1","2hoge","3","這い寄れニャル子さん","5"
"90","室見立華","2hoge","3","4","5"
"91","ab","cd","ef","gh","ij"
"92","1","2","3","4","fuga5"
"93","1","2hoge","3","4","5"
"94","1","2hoge","32hoge","4","5"
"95","1","2hoge","3","這い寄れニャル子さん","5"
"96","室見立華","2hoge","3","4","5"
"97","ab","cd","ef","gh","ij"
"98","1","2","3","4","fuga5"
"99","1","2hoge","3","4","5"
"100","1","2hoge","32hoge","4","5"
"101","1","2hoge","3","這い寄れニャル子さん","5"
"102","室見立華","2hoge","3","4","5"
"103","ab","cd","ef","gh","ij"
"104","1","2","3","4","fuga5"
"105","1","2hoge","3","4","5"
"106","1","2hoge","32hoge","4","5"
"107","1","2hoge","3","這い寄れニャル子さん","5"
"108","室見立華","2hoge","3","4","5"
"109","ab","cd","ef","gh","ij"
"110","1","2","3","4","fuga5"
"111","1","2hoge","3","4","5"
"112","1","2hoge","32hoge","4","5"
"113","1","2hoge","3","這い寄れニャル子さん","5"
"114","室見立華","2hoge","3","4","5"
"115","ab","cd","ef","gh","ij"
"116","1","2","3","4","fuga5"
"117","1","2hoge","3","4","5"
"118","1","2hoge","32hoge","4","5"
"119","1","2hoge","3","這い寄れニャル子さん","5"
"120","室見立華","2hoge","3","4","5"
"121","ab","cd","ef","gh","ij"
"122","1","2","3","4","fuga5"
"123","1","2hoge","3","4","5"
"124","1","2hoge","32hoge","4","5"
"125","1","2hoge","3","這い寄れニャル子さん","5"
"126","室見立華","2hoge","3","4","5"
"127","ab","cd","ef","gh","ij"
"128","1","2","3","4","fuga5"
"129","1","2hoge","3","4","5"
"130","1","2hoge","32hoge","4","5"
"131","1","2hoge","3","這い寄れニャル子さん","5"
"132","室見立華","2hoge","3","4","5"
"133","ab","cd","ef","gh","ij"
"134","1","2","3","4","fuga5"
"135","1","2hoge","3","4","5"
"136","1","2hoge","32hoge","4","5"
"137","1","2hoge","3","這い寄れニャル子さん","5"
"138","室見立華","2hoge","3","4","5"
"139","ab","cd","ef","gh","ij"
"140","1","2","3","4","fuga5"
"141","1","2hoge","3","4","5"
"142","1","2hoge","32hoge","4","5"
"143","1","2hoge","3","這い寄れニャル子さん","5"
"144","室見立華","2hoge","3","4","5"
"145","ab","cd","ef","gh","ij"
"146","1","2","3","4","fuga5"
"147","1","2hoge","3","4","5"
"148","1","2hoge","32hoge","4","5"
"149","1","2hoge","3","這い寄れニャル子さん","5"
"150","室見立華","2hoge","3","4","5"
"151","ab","cd","ef","gh","ij"
"152","1","2","3","4","fuga5"
"153","1","2hoge","3","4","5"
"154","1","2hoge","32hoge","4","5"
"155","1","2hoge","3","這い寄れニャル子さん","5"
"156","室見立華","2hoge","3","4","5"
"157","ab","cd","ef","gh","ij"
"158","1","2","3","4","fuga5"
"159","1","2hoge","3","4","5"
"160","1","2hoge","32hoge","4","5"
"161","1","2hoge","3","這い寄れニャル子さん","5"
"162","室見立華","2hoge","3","4","5"
"163","ab","cd","ef","gh","ij"
"164","1","2","3","4","fuga5"
"165","1","2hoge","3","4","5"
"166","1","2hoge","32hoge","4","5"
"167","1","2hoge","3","這い寄れニャル子さん","5"
"168","室見立華","2hoge","3","4","5"
"169","ab","cd","ef","gh","ij"
"170","1","2","3","4","fuga5"
"171","1","2hoge","3","4","5"
"172","1","2hoge","32hoge","4","5"
"173","1","2hoge","3","這い寄れニャル子さん","5"
"174","室見立華","2hoge","3","4","5"
"175","ab","cd","ef","gh","ij"
"176","1","2","3","4","fuga5"
"177","1","2hoge","3","4","5"
"178","1","2hoge","32hoge","4","5"
"179","1","2hoge","3","這い寄れニャル子さん","5"
"180","室見立華","2hoge","3","4","5"
"181","ab","cd","ef","gh","ij"
"182","1","2","3","4","fuga5"
"183","1","2hoge","3","4","5"
"184","1","2hoge","32hoge","4","5"
"185","1","2hoge","3","這い寄れニャル子さん","5"
"186","室見立華","2hoge","3","4","5"
"187","ab","cd","ef","gh","ij"
"188","1","2","3","4","fuga5"
"189","1","2hoge","3","4","5"
"190","1","2hoge","32hoge","4","5"
"191","1","2hoge","3","這い寄れニャル子さん","5"
"192","室見立華","2hoge","3","4","5"
"193","ab","cd","ef","gh","ij"
"194","1","2","3","4","fuga5"
"195","1","2hoge","3","4","5"
"196","1","2hoge","32hoge","4","5"
"197","1","2hoge","3","這い寄れニャル子さん","5"
"198","室見立華","2hoge","3","4","5"
"199","ab","cd","ef","gh","ij"
"200","1","2","3","4","fuga5"
"201","1","2hoge","3","4","5"
"202","1","2hoge","32hoge","4","5"
"203","1","2hoge","3","這い寄れニャル子さん","5"
"204","室見立華","2hoge","3","4","5"
"205","ab","cd","ef","gh","ij"
"206","1","2","3","4","fuga5"
"207","1","2hoge","3","4","5"
"208","1","2hoge","32hoge","4","5"
"209","1","2hoge","3","這い寄れニャル子さん","5"
"210","室見立華","2hoge","3","4","5"
"211","ab","cd","ef","gh","ij"
"212","1","2","3","4","fuga5"
"213","1","2hoge","3","4","5"
"214","1","2hoge","32hoge","4","5"
"215","1","2hoge","3","這い寄れニャル子さん","5"
"216","室見立華","2hoge","3","4","5"
"217","室見立華","2hoge","3","4","5"
"218","室見立華","2hoge","3","4","5"
"219","室見立華","2hoge","3","4","5"
"220","室見立華","2hoge","3","4","5"
"221","室見立華","2hoge","3","4","5"
"222","室見立華","2hoge","3","4","5"
"223","室見立華","2hoge","3","4","5"
"224","室見立華","2hoge","3","4","5"
"225","室見立華","2hoge","3","4","5"
"226","室見立華","2hoge","3","4","5"
"227","室見立華","2hoge","3","4","5"
"228","室見立華","2hoge","3","4","5"
"229","室見立華","2hoge","3","4","5"
"230","室見立華","2hoge","3","4","5"
"231","室見立華","2hoge","3","4","5"
"232","室見立華","2hoge","3","4","5"
"233","室見立華","2hoge","3","4","5"
"234","室見立華","2hoge","3","4","5"
"235","室見立華","2hoge","3","4","5"
"236","室見立華","2hoge","3","4","5"
"237","室見立華","2hoge","3","4","5"
"238","室見立華","2hoge","3","4","5"
"239","室見立華","2hoge","3","4","5"
"240","室見立華","2hoge","3","4","5"
"241","室見立華","2hoge","3","4","5"
"242","室見立華","2hoge","3","4","5"
"243","室見立華","2hoge","3","4","5"
"244","室見立華","2hoge","3","4","5"
"245","室見立華","2hoge","3","4","5"
"246","室見立華","2hoge","3","4","5"
"247","室見立華","2hoge","3","4","5"
"248","室見立華","2hoge","3","4","5"
"249","室見立華","2hoge","3","4","5"
"250","室見立華","2hoge","3","4","5"
"251","室見立華","2hoge","3","4","5"
"252","室見立華","2hoge","3","4","5"
"253","室見立華","2hoge","3","4","5"
"254","室見立華","2hoge","3","4","5"
"255","室見立華","2hoge","3","4","5"
"256","室見立華","2hoge","3","4","5"
"257","室見立華","2hoge","3","4","5"
"258","室見立華","2hoge","3","4","5"
"259","室見立華","2hoge","3","4","5"
"260","室見立華","2hoge","3","4","5"
"261","室見立華","2hoge","3","4","5"
"262","室見立華","2hoge","3","4","5"
"263","室見立華","2hoge","3","4","5"
"264","室見立華","2hoge","3","4","5"
"265","室見立華","2hoge","3","4","5"
"266","室見立華","2hoge","3","4","5"
"267","室見立華","2hoge","3","4","5"
"268","室見立華","2hoge","3","4","5"
"269","室見立華","2hoge","3","4","5"
"270","室見立華","2hoge","3","4","5"
"271","室見立華","2hoge","3","4","5"
"272","室見立華","2hoge","3","4","5"
"273","室見立華","2hoge","3","4","5"
"274","室見立華","2hoge","3","4","5"
"275","室見立華","2hoge","3","4","5"
"276","室見立華","2hoge","3","4","5"
"277","室見立華","2hoge","3","4","5"
"278","室見立華","2hoge","3","4","5"
"279","室見立華","2hoge","3","4","5"
"280","室見立華","2hoge","3","4","5"
"281","室見立華","2hoge","3","4","5"
"282","室見立華","2hoge","3","4","5"
"283","室見立華","2hoge","3","4","5"
"284","室見立華","2hoge","3","4","5"
"1","ab","cd","ef","gh","ij"
"2","1","2","3","4","fuga5"
"3","1","2hoge","3","4","5"
"4","1","2hoge","32hoge","4","5"
"5","1","2hoge","3","這い寄れニャル子さん","5"
"6","室見立華","2hoge","3","4","5"
"7","ab","cd","ef","gh","ij"
"8","1","2","3","4","fuga5"
"9","1","2hoge","3","4","5"
"10","1","2hoge","32hoge","4","5"
"11","1","2hoge","3","這い寄れニャル子さん","5"
"12","室見立華","2hoge","3","4","5"
"13","ab","cd","ef","gh","ij"
"14","1","2","3","4","fuga5"
"15","1","2hoge","3","4","5"
"16","1","2hoge","32hoge","4","5"
"17","1","2hoge","3","這い寄れニャル子さん","5"
"18","室見立華","2hoge","3","4","5"
"19","ab","cd","ef","gh","ij"
"20","1","2","3","4","fuga5"
"21","1","2hoge","3","4","5"
"22","1","2hoge","32hoge","4","5"
"23","1","2hoge","3","這い寄れニャル子さん","5"
"24","室見立華","2hoge","3","4","5"
"25","ab","cd","ef","gh","ij"
"26","1","2","3","4","fuga5"
"27","1","2hoge","3","4","5"
"28","1","2hoge","32hoge","4","5"
"29","1","2hoge","3","這い寄れニャル子さん","5"
"30","室見立華","2hoge","3","4","5"
"31","ab","cd","ef","gh","ij"
"32","1","2","3","4","fuga5"
"33","1","2hoge","3","4","5"
"34","1","2hoge","32hoge","4","5"
"35","1","2hoge","3","這い寄れニャル子さん","5"
"36","室見立華","2hoge","3","4","5"
"37","ab","cd","ef","gh","ij"
"38","1","2","3","4","fuga5"
"39","1","2hoge","3","4","5"
"40","1","2hoge","32hoge","4","5"
"41","1","2hoge","3","這い寄れニャル子さん","5"
"42","室見立華","2hoge","3","4","5"
"43","ab","cd","ef","gh","ij"
"44","1","2","3","4","fuga5"
"45","1","2hoge","3","4","5"
"46","1","2hoge","32hoge","4","5"
"47","1","2hoge","3","這い寄れニャル子さん","5"
"48","室見立華","2hoge","3","4","5"
"49","ab","cd","ef","gh","ij"
"50","1","2","3","4","fuga5"
"51","1","2hoge","3","4","5"
"52","1","2hoge","32hoge","4","5"
"53","1","2hoge","3","這い寄れニャル子さん","5"
"54","室見立華","2hoge","3","4","5"
"55","ab","cd","ef","gh","ij"
"56","1","2","3","4","fuga5"
"57","1","2hoge","3","4","5"
"58","1","2hoge","32hoge","4","5"
"59","1","2hoge","3","這い寄れニャル子さん","5"
"60","室見立華","2hoge","3","4","5"
"61","ab","cd","ef","gh","ij"
"62","1","2","3","4","fuga5"
"63","1","2hoge","3","4","5"
"64","1","2hoge","32hoge","4","5"
"65","1","2hoge","3","這い寄れニャル子さん","5"
"66","室見立華","2hoge","3","4","5"
"67","ab","cd","ef","gh","ij"
"68","1","2","3","4","fuga5"
"69","1","2hoge","3","4","5"
"70","1","2hoge","32hoge","4","5"
"71","1","2hoge","3","這い寄れニャル子さん","5"
"72","室見立華","2hoge","3","4","5"
"73","ab","cd","ef","gh","ij"
"74","1","2","3","4","fuga5"
"75","1","2hoge","3","4","5"
"76","1","2hoge","32hoge","4","5"
"77","1","2hoge","3","這い寄れニャル子さん","5"
"78","室見立華","2hoge","3","4","5"
"79","ab","cd","ef","gh","ij"
"80","1","2","3","4","fuga5"
"81","1","2hoge","3","4","5"
"82","1","2hoge","32hoge","4","5"
"83","1","2hoge","3","這い寄れニャル子さん","5"
"84","室見立華","2hoge","3","4","5"
"85","ab","cd","ef","gh","ij"
"86","1","2","3","4","fuga5"
"87","1","2hoge","3","4","5"
"88","1","2hoge","32hoge","4","5"
"89","1","2hoge","3","這い寄れニャル子さん","5"
"90","室見立華","2hoge","3","4","5"
"91","ab","cd","ef","gh","ij"
"92","1","2","3","4","fuga5"
"93","1","2hoge","3","4","5"
"94","1","2hoge","32hoge","4","5"
"95","1","2hoge","3","這い寄れニャル子さん","5"
"96","室見立華","2hoge","3","4","5"
"97","ab","cd","ef","gh","ij"
"98","1","2","3","4","fuga5"
"99","1","2hoge","3","4","5"
"100","1","2hoge","32hoge","4","5"
"101","1","2hoge","3","這い寄れニャル子さん","5"
"102","室見立華","2hoge","3","4","5"
"103","ab","cd","ef","gh","ij"
"104","1","2","3","4","fuga5"
"105","1","2hoge","3","4","5"
"106","1","2hoge","32hoge","4","5"
"107","1","2hoge","3","這い寄れニャル子さん","5"
"108","室見立華","2hoge","3","4","5"
"109","ab","cd","ef","gh","ij"
"110","1","2","3","4","fuga5"
"111","1","2hoge","3","4","5"
"112","1","2hoge","32hoge","4","5"
"113","1","2hoge","3","這い寄れニャル子さん","5"
"114","室見立華","2hoge","3","4","5"
"115","ab","cd","ef","gh","ij"
"116","1","2","3","4","fuga5"
"117","1","2hoge","3","4","5"
"118","1","2hoge","32hoge","4","5"
"119","1","2hoge","3","這い寄れニャル子さん","5"
"120","室見立華","2hoge","3","4","5"
"121","ab","cd","ef","gh","ij"
"122","1","2","3","4","fuga5"
"123","1","2hoge","3","4","5"
"124","1","2hoge","32hoge","4","5"
"125","1","2hoge","3","這い寄れニャル子さん","5"
"126","室見立華","2hoge","3","4","5"
"127","ab","cd","ef","gh","ij"
"128","1","2","3","4","fuga5"
"129","1","2hoge","3","4","5"
"130","1","2hoge","32hoge","4","5"
"131","1","2hoge","3","這い寄れニャル子さん","5"
"132","室見立華","2hoge","3","4","5"
"133","ab","cd","ef","gh","ij"
"134","1","2","3","4","fuga5"
"135","1","2hoge","3","4","5"
"136","1","2hoge","32hoge","4","5"
"137","1","2hoge","3","這い寄れニャル子さん","5"
"138","室見立華","2hoge","3","4","5"
"139","ab","cd","ef","gh","ij"
"140","1","2","3","4","fuga5"
"141","1","2hoge","3","4","5"
"142","1","2hoge","32hoge","4","5"
"143","1","2hoge","3","這い寄れニャル子さん","5"
"144","室見立華","2hoge","3","4","5"
"145","ab","cd","ef","gh","ij"
"146","1","2","3","4","fuga5"
"147","1","2hoge","3","4","5"
"148","1","2hoge","32hoge","4","5"
"149","1","2hoge","3","這い寄れニャル子さん","5"
"150","室見立華","2hoge","3","4","5"
"151","ab","cd","ef","gh","ij"
"152","1","2","3","4","fuga5"
"153","1","2hoge","3","4","5"
"154","1","2hoge","32hoge","4","5"
"155","1","2hoge","3","這い寄れニャル子さん","5"
"156","室見立華","2hoge","3","4","5"
"157","ab","cd","ef","gh","ij"
"158","1","2","3","4","fuga5"
"159","1","2hoge","3","4","5"
"160","1","2hoge","32hoge","4","5"
"161","1","2hoge","3","這い寄れニャル子さん","5"
"162","室見立華","2hoge","3","4","5"
"163","ab","cd","ef","gh","ij"
"164","1","2","3","4","fuga5"
"165","1","2hoge","3","4","5"
"166","1","2hoge","32hoge","4","5"
"167","1","2hoge","3","這い寄れニャル子さん","5"
"168","室見立華","2hoge","3","4","5"
"169","ab","cd","ef","gh","ij"
"170","1","2","3","4","fuga5"
"171","1","2hoge","3","4","5"
"172","1","2hoge","32hoge","4","5"
"173","1","2hoge","3","這い寄れニャル子さん","5"
"174","室見立華","2hoge","3","4","5"
"175","ab","cd","ef","gh","ij"
"176","1","2","3","4","fuga5"
"177","1","2hoge","3","4","5"
"178","1","2hoge","32hoge","4","5"
"179","1","2hoge","3","這い寄れニャル子さん","5"
"180","室見立華","2hoge","3","4","5"
"181","ab","cd","ef","gh","ij"
"182","1","2","3","4","fuga5"
"183","1","2hoge","3","4","5"
"184","1","2hoge","32hoge","4","5"
"185","1","2hoge","3","這い寄れニャル子さん","5"
"186","室見立華","2hoge","3","4","5"
"187","ab","cd","ef","gh","ij"
"188","1","2","3","4","fuga5"
"189","1","2hoge","3","4","5"
"190","1","2hoge","32hoge","4","5"
"191","1","2hoge","3","這い寄れニャル子さん","5"
"192","室見立華","2hoge","3","4","5"
"193","ab","cd","ef","gh","ij"
"194","1","2","3","4","fuga5"
"195","1","2hoge","3","4","5"
"196","1","2hoge","32hoge","4","5"
"197","1","2hoge","3","這い寄れニャル子さん","5"
"198","室見立華","2hoge","3","4","5"
"199","ab","cd","ef","gh","ij"
"200","1","2","3","4","fuga5"
"201","1","2hoge","3","4","5"
"202","1","2hoge","32hoge","4","5"
"203","1","2hoge","3","這い寄れニャル子さん","5"
"204","室見立華","2hoge","3","4","5"
"205","ab","cd","ef","gh","ij"
"206","1","2","3","4","fuga5"
"207","1","2hoge","3","4","5"
"208","1","2hoge","32hoge","4","5"
"209","1","2hoge","3","這い寄れニャル子さん","5"
"210","室見立華","2hoge","3","4","5"
"211","ab","cd","ef","gh","ij"
"212","1","2","3","4","fuga5"
"213","1","2hoge","3","4","5"
"214","1","2hoge","32hoge","4","5"
"215","1","2hoge","3","這い寄れニャル子さん","5"
"216","室見立華","2hoge","3","4","5"
"217","室見立華","2hoge","3","4","5"
"218","室見立華","2hoge","3","4","5"
"219","室見立華","2hoge","3","4","5"
"220","室見立華","2hoge","3","4","5"
"221","室見立華","2hoge","3","4","5"
"222","室見立華","2hoge","3","4","5"
"223","室見立華","2hoge","3","4","5"
"224","室見立華","2hoge","3","4","5"
"225","室見立華","2hoge","3","4","5"
"226","室見立華","2hoge","3","4","5"
"227","室見立華","2hoge","3","4","5"
"228","室見立華","2hoge","3","4","5"
"229","室見立華","2hoge","3","4","5"
"230","室見立華","2hoge","3","4","5"
"231","室見立華","2hoge","3","4","5"
"232","室見立華","2hoge","3","4","5"
"233","室見立華","2hoge","3","4","5"
"234","室見立華","2hoge","3","4","5"
"235","室見立華","2hoge","3","4","5"
"236","室見立華","2hoge","3","4","5"
"237","室見立華","2hoge","3","4","5"
"238","室見立華","2hoge","3","4","5"
"239","室見立華","2hoge","3","4","5"
"240","室見立華","2hoge","3","4","5"
"241","室見立華","2hoge","3","4","5"
"242","室見立華","2hoge","3","4","5"
"243","室見立華","2hoge","3","4","5"
"244","室見立華","2hoge","3","4","5"
"245","室見立華","2hoge","3","4","5"
"246","室見立華","2hoge","3","4","5"
"247","室見立華","2hoge","3","4","5"
"248","室見立華","2hoge","3","4","5"
"249","室見立華","2hoge","3","4","5"
"250","室見立華","2hoge","3","4","5"
"251","室見立華","2hoge","3","4","5"
"252","室見立華","2hoge","3","4","5"
"253","室見立華","2hoge","3","4","5"
"254","室見立華","2hoge","3","4","5"
"255","室見立華","2hoge","3","4","5"
"256","室見立華","2hoge","3","4","5"
"257","室見立華","2hoge","3","4","5"
"258","室見立華","2hoge","3","4","5"
"259","室見立華","2hoge","3","4","5"
"260","室見立華","2hoge","3","4","5"
"261","室見立華","2hoge","3","4","5"
"262","室見立華","2hoge","3","4","5"
"263","室見立華","2hoge","3","4","5"
"264","室見立華","2hoge","3","4","5"
"265","室見立華","2hoge","3","4","5"
"266","室見立華","2hoge","3","4","5"
"267","室見立華","2hoge","3","4","5"
"268","室見立華","2hoge","3","4","5"
"269","室見立華","2hoge","3","4","5"
"270","室見立華","2hoge","3","4","5"
"271","室見立華","2hoge","3","4","5"
"272","室見立華","2hoge","3","4","5"
"273","室見立華","2hoge","3","4","5"
"274","室見立華","2hoge","3","4","5"
"275","室見立華","2hoge","3","4","5"
"276","室見立華","2hoge","3","4","5"
"277","室見立華","2hoge","3","4","5"
"278","室見立華","2hoge","3","4","5"
"279","室見立華","2hoge","3","4","5"
"280","室見立華","2hoge","3","4","5"
"281","室見立華","2hoge","3","4","5"
"282","室見立華","2hoge","3","4","5"
"283","室見立華","2hoge","3","4","5"
"284","室見立華","2hoge","3","4","5"
